,value
w1,0.0926
w2,0.0842
w3,0.1198
w4,0.0616
w5,0.0622
w6,0.0822
w7,0.1152
w8,0.0572
w9,0.053
w10,0.0598
w11,0.069
w12,0.1206
w13,0.0676
w14,0.0846
w15,0.0886
w16,0.062
w17,0.0408
w18,0.03
w19,0.049
w20,0.0398
w21,0.1198
w22,0.0622
w23,0.0822
w24,0.0616
w25,0.069
w26,0.1206
w27,0.1152
w28,0.0572
w29,0.053
w30,0.0598
w31,0.059
w32,0.05
w33,0.0676
w34,0.0846
w35,0.0886
w36,0.062
w37,0.0408
w38,0.03
w39,0.049
w40,0.0398
w41,0.0336
w42,0.0342
w43,0.1206
w44,0.0616
w45,0.1152
w46,0.053
w47,0.069
w48,0.0776
w49,0.0886
w50,0.0572
w51,0.0406
w52,0.0598
w53,0.059
w54,0.05
w55,0.0676
w56,0.0846
w57,0.03
w58,0.062
w59,0.0408
w60,0.03
w61,0.049
w62,0.0398
w63,0.0336
w64,0.0342
w65,0.0422
w66,0.0416
w67,0.0322
w68,0.0846
w69,0.0616
w70,0.0776
w71,0.053
w72,0.069
w73,0.0676
w74,0.078
w75,0.0572
w76,0.0406
w77,0.0598
w78,0.059
w79,0.05
w80,0.067
w81,0.0716
w82,0.03
w83,0.062
w84,0.0408
w85,0.03
w86,0.049
w87,0.0398
w88,0.0336
w89,0.0342
w90,0.0422
w91,0.0416
w92,0.0322
w93,0.0426
w94,0.0436
w95,0.0216
w96,0.0776
w97,0.069
w98,0.0676
w99,0.0572
w100,0.0598
w101,0.067
w102,0.078
w103,0.0676
w104,0.0406
w105,0.0398
w106,0.059
w107,0.05
w108,0.0436
w109,0.0716
w110,0.03
w111,0.062
w112,0.0408
w113,0.03
w114,0.049
w115,0.0338
w116,0.0336
w117,0.0342
w118,0.0422
w119,0.0416
w120,0.0322
w121,0.0426
w122,0.0396
w123,0.0216
w124,0.017
w125,0.0278
w126,0.0134
w127,0.0572
w128,0.0598
w129,0.05
w130,0.0406
w131,0.059
w132,0.0404
w133,0.078
w134,0.0676
w135,0.049
w136,0.0398
w137,0.0422
w138,0.0538
w139,0.0436
w140,0.0716
w141,0.03
w142,0.062
w143,0.0312
w144,0.03
w145,0.0406
w146,0.0338
w147,0.0336
w148,0.0342
w149,0.0358
w150,0.0416
w151,0.0322
w152,0.0426
w153,0.0396
w154,0.0216
w155,0.017
w156,0.0278
w157,0.0134
w158,0.037
w159,0.0152
w160,0.0272
w161,0.0408
w162,0.0406
w163,0.0676
w164,0.078
w165,0.062
w166,0.0398
w167,0.0404
w168,0.0716
w169,0.0402
w170,0.049
w171,0.0344
w172,0.0422
w173,0.0538
w174,0.0436
w175,0.0362
w176,0.03
w177,0.0398
w178,0.0312
w179,0.03
w180,0.0406
w181,0.0338
w182,0.0336
w183,0.0342
w184,0.0358
w185,0.0416
w186,0.0322
w187,0.0426
w188,0.0396
w189,0.0216
w190,0.017
w191,0.0278
w192,0.0134
w193,0.037
w194,0.0152
w195,0.0272
w196,0.0408
w197,0.021
w198,0.0156
w199,0.02
w200,0.0188
w201,0.0538
w202,0.062
w203,0.0416
w204,0.0402
w205,0.0398
w206,0.0436
w207,0.0716
w208,0.0312
w209,0.049
w210,0.0344
w211,0.0422
w212,0.029
w213,0.0396
w214,0.0362
w215,0.03
w216,0.0398
w217,0.0562
w218,0.03
w219,0.0406
w220,0.0338
w221,0.0336
w222,0.0342
w223,0.0358
w224,0.0226
w225,0.0322
w226,0.0426
w227,0.0234
w228,0.0216
w229,0.017
w230,0.0278
w231,0.0134
w232,0.037
w233,0.0152
w234,0.0272
w235,0.0408
w236,0.021
w237,0.0156
w238,0.02
w239,0.0188
w240,0.018
w241,0.0218
w242,0.0386
w243,0.017
w244,0.0422
w245,0.0358
w246,0.0416
w247,0.0312
w248,0.0344
w249,0.0436
w250,0.0716
w251,0.0562
w252,0.026
w253,0.0336
w254,0.0278
w255,0.029
w256,0.0396
w257,0.0362
w258,0.03
w259,0.0398
w260,0.0408
w261,0.03
w262,0.0406
w263,0.0338
w264,0.0386
w265,0.0342
w266,0.0216
w267,0.0226
w268,0.0322
w269,0.0426
w270,0.0234
w271,0.0216
w272,0.017
w273,0.0278
w274,0.0134
w275,0.037
w276,0.0152
w277,0.0272
w278,0.0406
w279,0.021
w280,0.0156
w281,0.02
w282,0.0188
w283,0.018
w284,0.0218
w285,0.0248
w286,0.017
w287,0.0278
w288,0.0214
w289,0.0186
w290,0.0212
w291,0.015
w292,0.0344
w293,0.0562
w294,0.03
w295,0.0408
w296,0.0336
w297,0.0436
w298,0.0362
w299,0.0398
w300,0.026
w301,0.0338
w302,0.0278
w303,0.029
w304,0.0396
w305,0.018
w306,0.016
w307,0.0426
w308,0.0406
w309,0.03
w310,0.0406
w311,0.0244
w312,0.0386
w313,0.0342
w314,0.0216
w315,0.0226
w316,0.0322
w317,0.0426
w318,0.0234
w319,0.0216
w320,0.017
w321,0.0278
w322,0.0134
w323,0.037
w324,0.0152
w325,0.0272
w326,0.0206
w327,0.021
w328,0.0156
w329,0.02
w330,0.0188
w331,0.018
w332,0.0218
w333,0.0248
w334,0.017
w335,0.0278
w336,0.0214
w337,0.0186
w338,0.0212
w339,0.015
w340,0.0216
w341,0.0198
w342,0.0172
w343,0.0132
w344,0.029
w345,0.0398
w346,0.0338
w347,0.0362
w348,0.026
w349,0.0278
w350,0.0396
w351,0.016
w352,0.0406
w353,0.0406
w354,0.0214
w355,0.0342
w356,0.029
w357,0.0236
w358,0.0142
w359,0.0278
w360,0.0426
w361,0.0346
w362,0.03
w363,0.0194
w364,0.0244
w365,0.0386
w366,0.0278
w367,0.0216
w368,0.0226
w369,0.0322
w370,0.0426
w371,0.0234
w372,0.0254
w373,0.018
w374,0.0308
w375,0.0134
w376,0.037
w377,0.0152
w378,0.0272
w379,0.0206
w380,0.021
w381,0.0156
w382,0.02
w383,0.0188
w384,0.018
w385,0.0218
w386,0.0248
w387,0.017
w388,0.023
w389,0.0214
w390,0.0186
w391,0.0212
w392,0.015
w393,0.0216
w394,0.0198
w395,0.0172
w396,0.0132
w397,0.029
w398,0.0108
w399,0.0086
w400,0.0216
w401,0.009
w402,0.017
w403,0.0178
w404,0.0406
w405,0.0342
w406,0.0396
w407,0.0346
w408,0.0216
w409,0.029
w410,0.016
w411,0.0272
w412,0.03
w413,0.0214
w414,0.0278
w415,0.0322
w416,0.0236
w417,0.0142
w418,0.0278
w419,0.0426
w420,0.0206
w421,0.021
w422,0.0194
w423,0.0244
w424,0.0386
w425,0.023
w426,0.0218
w427,0.0226
w428,0.0198
w429,0.0426
w430,0.0234
w431,0.0254
w432,0.018
w433,0.0308
w434,0.0134
w435,0.037
w436,0.0152
w437,0.0252
w438,0.0148
w439,0.0176
w440,0.0156
w441,0.02
w442,0.0188
w443,0.018
w444,0.0218
w445,0.0248
w446,0.017
w447,0.0226
w448,0.0214
w449,0.0186
w450,0.0212
w451,0.015
w452,0.0216
w453,0.0188
w454,0.0172
w455,0.0132
w456,0.029
w457,0.0108
w458,0.0086
w459,0.0216
w460,0.009
w461,0.017
w462,0.0178
w463,0.0146
w464,0.015
w465,0.0144
w466,0.0084
w467,0.013
w468,0.018
w469,0.03
w470,0.0426
w471,0.016
w472,0.037
w473,0.0216
w474,0.0236
w475,0.0278
w476,0.0206
w477,0.0194
w478,0.0214
w479,0.0278
w480,0.0198
w481,0.0426
w482,0.0142
w483,0.0308
w484,0.0152
w485,0.0252
w486,0.021
w487,0.02
w488,0.0244
w489,0.0386
w490,0.023
w491,0.0218
w492,0.0226
w493,0.0242
w494,0.0198
w495,0.0234
w496,0.0254
w497,0.018
w498,0.0146
w499,0.0134
w500,0.0312
w501,0.0262
w502,0.0192
w503,0.0148
w504,0.013
w505,0.0156
w506,0.0192
w507,0.0188
w508,0.018
w509,0.0218
w510,0.0248
w511,0.017
w512,0.0226
w513,0.0214
w514,0.0186
w515,0.0212
w516,0.015
w517,0.0216
w518,0.0188
w519,0.0172
w520,0.0132
w521,0.029
w522,0.0108
w523,0.0086
w524,0.0216
w525,0.009
w526,0.017
w527,0.0178
w528,0.0144
w529,0.015
w530,0.0144
w531,0.0084
w532,0.013
w533,0.018
w534,0.0094
w535,0.01
w536,0.0198
w537,0.0098
w538,0.0084
w539,0.0128
w540,0.0176
w541,0.021
w542,0.0278
w543,0.0426
w544,0.0152
w545,0.0214
w546,0.0198
w547,0.0278
w548,0.0252
w549,0.013
w550,0.0386
w551,0.0218
w552,0.0226
w553,0.0162
w554,0.0142
w555,0.0308
w556,0.0312
w557,0.0192
w558,0.0132
w559,0.02
w560,0.0244
w561,0.017
w562,0.023
w563,0.0212
w564,0.015
w565,0.0242
w566,0.0198
w567,0.0234
w568,0.0254
w569,0.018
w570,0.0146
w571,0.0134
w572,0.0218
w573,0.0262
w574,0.0116
w575,0.0148
w576,0.0224
w577,0.0156
w578,0.0192
w579,0.0188
w580,0.018
w581,0.0218
w582,0.0248
w583,0.014
w584,0.0226
w585,0.0214
w586,0.0186
w587,0.0204
w588,0.01
w589,0.0216
w590,0.0188
w591,0.0172
w592,0.0132
w593,0.029
w594,0.0108
w595,0.0086
w596,0.0216
w597,0.009
w598,0.017
w599,0.0178
w600,0.0144
w601,0.015
w602,0.0144
w603,0.0084
w604,0.013
w605,0.018
w606,0.0094
w607,0.01
w608,0.0198
w609,0.0098
w610,0.0084
w611,0.0128
w612,0.0176
w613,0.0082
w614,0.0202
w615,0.0166
w616,0.0074
w617,0.0054
w618,0.006
w619,0.012
w620,0.0054
w621,0.0218
w622,0.0252
w623,0.0308
w624,0.0312
w625,0.023
w626,0.0162
w627,0.0134
w628,0.0262
w629,0.013
w630,0.0244
w631,0.0212
w632,0.0226
w633,0.0234
w634,0.0142
w635,0.0146
w636,0.0218
w637,0.0192
w638,0.0132
w639,0.02
w640,0.018
w641,0.017
w642,0.0214
w643,0.0186
w644,0.015
w645,0.0242
w646,0.0198
w647,0.0108
w648,0.0254
w649,0.018
w650,0.0144
w651,0.0144
w652,0.013
w653,0.0208
w654,0.0116
w655,0.0148
w656,0.0224
w657,0.0156
w658,0.0192
w659,0.0188
w660,0.011
w661,0.0218
w662,0.0248
w663,0.014
w664,0.0226
w665,0.0102
w666,0.0194
w667,0.0204
w668,0.01
w669,0.0216
w670,0.0188
w671,0.0172
w672,0.0132
w673,0.029
w674,0.0156
w675,0.0086
w676,0.0216
w677,0.009
w678,0.017
w679,0.0178
w680,0.0122
w681,0.015
w682,0.014
w683,0.0084
w684,0.0238
w685,0.018
w686,0.0094
w687,0.01
w688,0.0198
w689,0.0098
w690,0.0084
w691,0.0128
w692,0.0176
w693,0.0082
w694,0.0202
w695,0.0166
w696,0.0074
w697,0.0054
w698,0.006
w699,0.012
w700,0.0054
w701,0.0054
w702,0.0218
w703,0.0138
w704,0.0088
w705,0.005
w706,0.0092
w707,0.0084
w708,0.0148
w709,0.0242
w710,0.023
w711,0.0142
w712,0.0262
w713,0.0244
w714,0.029
w715,0.018
w716,0.0192
w717,0.013
w718,0.018
w719,0.0212
w720,0.0188
w721,0.0108
w722,0.0254
w723,0.0146
w724,0.0218
w725,0.0116
w726,0.0132
w727,0.02
w728,0.0218
w729,0.017
w730,0.0214
w731,0.0186
w732,0.015
w733,0.0172
w734,0.019
w735,0.0156
w736,0.0216
w737,0.017
w738,0.0144
w739,0.0144
w740,0.013
w741,0.0208
w742,0.0116
w743,0.0148
w744,0.0224
w745,0.0156
w746,0.0192
w747,0.0188
w748,0.011
w749,0.0218
w750,0.0248
w751,0.014
w752,0.0226
w753,0.0102
w754,0.0194
w755,0.0204
w756,0.01
w757,0.0216
w758,0.0166
w759,0.0154
w760,0.0132
w761,0.0076
w762,0.0108
w763,0.0086
w764,0.0074
w765,0.009
w766,0.014
w767,0.0178
w768,0.0122
w769,0.015
w770,0.014
w771,0.0084
w772,0.0238
w773,0.018
w774,0.0094
w775,0.01
w776,0.0198
w777,0.0098
w778,0.0084
w779,0.0128
w780,0.0176
w781,0.0082
w782,0.0202
w783,0.0166
w784,0.0074
w785,0.0054
w786,0.006
w787,0.012
w788,0.0054
w789,0.0054
w790,0.0138
w791,0.0138
w792,0.0088
w793,0.005
w794,0.0092
w795,0.0084
w796,0.0148
w797,0.0102
w798,0.0114
w799,0.0122
w800,0.0142
w801,0.0086
w802,0.008
w803,0.0086
w804,0.009
w805,0.006
w806,0.029
w807,0.0218
w808,0.0146
w809,0.0208
w810,0.018
w811,0.0108
w812,0.017
w813,0.0116
w814,0.013
w815,0.017
w816,0.0186
w817,0.0188
w818,0.0156
w819,0.014
w820,0.0144
w821,0.0094
w822,0.0148
w823,0.0132
w824,0.02
w825,0.0218
w826,0.0248
w827,0.0214
w828,0.0194
w829,0.015
w830,0.0172
w831,0.019
w832,0.0082
w833,0.0162
w834,0.01
w835,0.0146
w836,0.0144
w837,0.013
w838,0.0094
w839,0.0116
w840,0.0128
w841,0.0224
w842,0.0156
w843,0.0192
w844,0.0188
w845,0.011
w846,0.0218
w847,0.0168
w848,0.014
w849,0.0226
w850,0.0102
w851,0.0124
w852,0.0204
w853,0.01
w854,0.0216
w855,0.0166
w856,0.0154
w857,0.0118
w858,0.0076
w859,0.0108
w860,0.0086
w861,0.0074
w862,0.009
w863,0.008
w864,0.0178
w865,0.0122
w866,0.015
w867,0.014
w868,0.0084
w869,0.0238
w870,0.018
w871,0.0162
w872,0.01
w873,0.0198
w874,0.0098
w875,0.0084
w876,0.0174
w877,0.0176
w878,0.0082
w879,0.0202
w880,0.0166
w881,0.0074
w882,0.0054
w883,0.006
w884,0.012
w885,0.0054
w886,0.0054
w887,0.0138
w888,0.0138
w889,0.0088
w890,0.005
w891,0.0092
w892,0.0084
w893,0.0148
w894,0.0102
w895,0.0114
w896,0.0122
w897,0.0142
w898,0.0086
w899,0.008
w900,0.0086
w901,0.009
w902,0.006
w903,0.008
w904,0.0062
w905,0.0056
w906,0.0084
w907,0.0086
w908,0.0082
w909,0.0132
w910,0.0088
w911,0.011
w912,0.0116
w913,0.017
w914,0.0116
w915,0.0144
w916,0.02
w917,0.0194
w918,0.0156
w919,0.0144
w920,0.0148
w921,0.0188
w922,0.014
w923,0.0214
w924,0.0188
w925,0.019
w926,0.014
w927,0.0146
w928,0.0094
w929,0.0116
w930,0.0132
w931,0.0192
w932,0.011
w933,0.0168
w934,0.0102
w935,0.0204
w936,0.015
w937,0.0172
w938,0.0128
w939,0.0082
w940,0.0162
w941,0.01
w942,0.015
w943,0.014
w944,0.013
w945,0.0094
w946,0.0198
w947,0.0128
w948,0.0224
w949,0.0156
w950,0.0168
w951,0.0146
w952,0.013
w953,0.0218
w954,0.0122
w955,0.0092
w956,0.0226
w957,0.0114
w958,0.0124
w959,0.0086
w960,0.01
w961,0.0216
w962,0.0166
w963,0.0154
w964,0.0118
w965,0.0076
w966,0.0104
w967,0.0086
w968,0.0074
w969,0.009
w970,0.005
w971,0.0178
w972,0.0122
w973,0.0118
w974,0.0104
w975,0.0084
w976,0.0238
w977,0.018
w978,0.0162
w979,0.01
w980,0.0114
w981,0.0098
w982,0.0084
w983,0.0174
w984,0.0176
w985,0.0082
w986,0.0202
w987,0.0166
w988,0.0074
w989,0.0054
w990,0.006
w991,0.012
w992,0.0054
w993,0.0054
w994,0.0138
w995,0.0138
w996,0.0088
w997,0.005
w998,0.0056
w999,0.0084
w1000,0.0148
w1001,0.0102
w1002,0.0044
w1003,0.0122
w1004,0.0142
w1005,0.0086
w1006,0.008
w1007,0.0064
w1008,0.009
w1009,0.006
w1010,0.008
w1011,0.0062
w1012,0.0056
w1013,0.0084
w1014,0.0086
w1015,0.0082
w1016,0.0132
w1017,0.0088
w1018,0.011
w1019,0.0116
w1020,0.0108
w1021,0.0144
w1022,0.0078
w1023,0.0066
w1024,0.0052
w1025,0.009
w1026,0.0048
w1027,0.0082
w1028,0.0064
w1029,0.008
w1030,0.013
w1031,0.0188
w1032,0.011
w1033,0.0144
w1034,0.0116
w1035,0.0102
w1036,0.019
w1037,0.0146
w1038,0.0094
w1039,0.0224
w1040,0.0218
w1041,0.0204
w1042,0.015
w1043,0.0128
w1044,0.014
w1045,0.014
w1046,0.0094
w1047,0.0198
w1048,0.0156
w1049,0.0168
w1050,0.0138
w1051,0.0168
w1052,0.0226
w1053,0.0124
w1054,0.0118
w1055,0.0172
w1056,0.0118
w1057,0.0082
w1058,0.0162
w1059,0.01
w1060,0.015
w1061,0.0084
w1062,0.013
w1063,0.0162
w1064,0.0114
w1065,0.0128
w1066,0.0176
w1067,0.0202
w1068,0.0074
w1069,0.0146
w1070,0.013
w1071,0.0138
w1072,0.0122
w1073,0.0092
w1074,0.009
w1075,0.0114
w1076,0.0086
w1077,0.0086
w1078,0.01
w1079,0.0216
w1080,0.0166
w1081,0.0154
w1082,0.0132
w1083,0.0076
w1084,0.0104
w1085,0.0086
w1086,0.0074
w1087,0.009
w1088,0.005
w1089,0.0178
w1090,0.0122
w1091,0.0118
w1092,0.0104
w1093,0.0084
w1094,0.0238
w1095,0.018
w1096,0.0106
w1097,0.01
w1098,0.0122
w1099,0.0098
w1100,0.0084
w1101,0.0174
w1102,0.0122
w1103,0.0082
w1104,0.0106
w1105,0.0166
w1106,0.005
w1107,0.0054
w1108,0.006
w1109,0.012
w1110,0.0054
w1111,0.0054
w1112,0.009
w1113,0.0132
w1114,0.0088
w1115,0.005
w1116,0.0056
w1117,0.0084
w1118,0.0148
w1119,0.0102
w1120,0.0044
w1121,0.0122
w1122,0.0142
w1123,0.0082
w1124,0.008
w1125,0.0064
w1126,0.009
w1127,0.006
w1128,0.008
w1129,0.0062
w1130,0.0056
w1131,0.0084
w1132,0.0086
w1133,0.0082
w1134,0.0054
w1135,0.0088
w1136,0.011
w1137,0.0116
w1138,0.0108
w1139,0.0144
w1140,0.0078
w1141,0.0066
w1142,0.0052
w1143,0.009
w1144,0.0048
w1145,0.0082
w1146,0.0064
w1147,0.008
w1148,0.013
w1149,0.0052
w1150,0.0054
w1151,0.0066
w1152,0.0072
w1153,0.0068
w1154,0.0082
w1155,0.0092
w1156,0.0086
w1157,0.0042
w1158,0.0066
w1159,0.0086
w1160,0.0072
w1161,0.0156
w1162,0.0102
w1163,0.015
w1164,0.0202
w1165,0.0218
w1166,0.0172
w1167,0.009
w1168,0.0198
w1169,0.0146
w1170,0.0138
w1171,0.0204
w1172,0.0118
w1173,0.0128
w1174,0.01
w1175,0.0118
w1176,0.0094
w1177,0.0114
w1178,0.0176
w1179,0.012
w1180,0.0138
w1181,0.0168
w1182,0.0226
w1183,0.0124
w1184,0.0216
w1185,0.0154
w1186,0.0118
w1187,0.0082
w1188,0.0076
w1189,0.0178
w1190,0.0122
w1191,0.0084
w1192,0.013
w1193,0.0162
w1194,0.0122
w1195,0.0128
w1196,0.0082
w1197,0.0166
w1198,0.0074
w1199,0.006
w1200,0.013
w1201,0.0132
w1202,0.0122
w1203,0.0092
w1204,0.009
w1205,0.0114
w1206,0.0086
w1207,0.0086
w1208,0.01
w1209,0.013
w1210,0.0166
w1211,0.0086
w1212,0.0132
w1213,0.0076
w1214,0.0104
w1215,0.0086
w1216,0.0074
w1217,0.0082
w1218,0.005
w1219,0.0116
w1220,0.01
w1221,0.0072
w1222,0.0104
w1223,0.0084
w1224,0.0238
w1225,0.018
w1226,0.0068
w1227,0.01
w1228,0.0058
w1229,0.004
w1230,0.0084
w1231,0.0174
w1232,0.0122
w1233,0.014
w1234,0.0106
w1235,0.0058
w1236,0.005
w1237,0.0054
w1238,0.011
w1239,0.0134
w1240,0.0054
w1241,0.0054
w1242,0.009
w1243,0.0072
w1244,0.0088
w1245,0.005
w1246,0.0056
w1247,0.0084
w1248,0.0148
w1249,0.0102
w1250,0.0044
w1251,0.0122
w1252,0.0142
w1253,0.0082
w1254,0.008
w1255,0.0064
w1256,0.009
w1257,0.006
w1258,0.008
w1259,0.0062
w1260,0.0056
w1261,0.0084
w1262,0.006
w1263,0.0082
w1264,0.0054
w1265,0.0088
w1266,0.011
w1267,0.0116
w1268,0.0108
w1269,0.0144
w1270,0.0078
w1271,0.0066
w1272,0.0052
w1273,0.009
w1274,0.0048
w1275,0.0082
w1276,0.0064
w1277,0.008
w1278,0.013
w1279,0.0052
w1280,0.0054
w1281,0.0066
w1282,0.005
w1283,0.0068
w1284,0.0082
w1285,0.0092
w1286,0.0086
w1287,0.0042
w1288,0.0066
w1289,0.0086
w1290,0.0072
w1291,0.0054
w1292,0.006
w1293,0.0106
w1294,0.0064
w1295,0.0058
w1296,0.0082
w1297,0.0084
w1298,0.0034
w1299,0.0098
w1300,0.006
w1301,0.0052
w1302,0.0052
w1303,0.0078
w1304,0.0226
w1305,0.0146
w1306,0.0118
w1307,0.0094
w1308,0.0124
w1309,0.0154
w1310,0.01
w1311,0.0128
w1312,0.0176
w1313,0.0122
w1314,0.0114
w1315,0.0216
w1316,0.0082
w1317,0.0178
w1318,0.0084
w1319,0.013
w1320,0.0174
w1321,0.0166
w1322,0.012
w1323,0.0132
w1324,0.0106
w1325,0.0138
w1326,0.0086
w1327,0.013
w1328,0.0086
w1329,0.0118
w1330,0.0104
w1331,0.0076
w1332,0.0098
w1333,0.0122
w1334,0.0084
w1335,0.0238
w1336,0.0162
w1337,0.0122
w1338,0.0104
w1339,0.0082
w1340,0.0106
w1341,0.0074
w1342,0.006
w1343,0.013
w1344,0.0078
w1345,0.005
w1346,0.0092
w1347,0.009
w1348,0.0122
w1349,0.0086
w1350,0.0096
w1351,0.01
w1352,0.008
w1353,0.0166
w1354,0.006
w1355,0.0132
w1356,0.0076
w1357,0.0144
w1358,0.0086
w1359,0.0074
w1360,0.0082
w1361,0.005
w1362,0.0116
w1363,0.01
w1364,0.0072
w1365,0.0104
w1366,0.0102
w1367,0.0084
w1368,0.018
w1369,0.0068
w1370,0.01
w1371,0.0058
w1372,0.004
w1373,0.0084
w1374,0.0078
w1375,0.0122
w1376,0.014
w1377,0.0096
w1378,0.0042
w1379,0.005
w1380,0.0054
w1381,0.011
w1382,0.0134
w1383,0.0054
w1384,0.0054
w1385,0.009
w1386,0.0072
w1387,0.0088
w1388,0.003
w1389,0.0056
w1390,0.0084
w1391,0.0148
w1392,0.0102
w1393,0.0044
w1394,0.0096
w1395,0.0142
w1396,0.0082
w1397,0.008
w1398,0.0064
w1399,0.009
w1400,0.006
w1401,0.0106
w1402,0.0062
w1403,0.0056
w1404,0.0084
w1405,0.0078
w1406,0.0082
w1407,0.0054
w1408,0.0088
w1409,0.011
w1410,0.0116
w1411,0.0108
w1412,0.0056
w1413,0.0078
w1414,0.0066
w1415,0.0052
w1416,0.009
w1417,0.0048
w1418,0.0082
w1419,0.0064
w1420,0.008
w1421,0.013
w1422,0.0052
w1423,0.0054
w1424,0.0066
w1425,0.005
w1426,0.0068
w1427,0.0082
w1428,0.0092
w1429,0.0086
w1430,0.0042
w1431,0.0066
w1432,0.0086
w1433,0.0072
w1434,0.0054
w1435,0.006
w1436,0.0106
w1437,0.0064
w1438,0.0058
w1439,0.0082
w1440,0.0084
w1441,0.0034
w1442,0.0098
w1443,0.006
w1444,0.0052
w1445,0.0052
w1446,0.0062
w1447,0.006
w1448,0.0072
w1449,0.0114
w1450,0.0102
w1451,0.0072
w1452,0.0078
w1453,0.0058
w1454,0.0084
w1455,0.006
w1456,0.006
w1457,0.0036
w1458,0.0034
w1459,0.0066
w1460,0.002
w1461,0.0066
w1462,0.0138
w1463,0.0128
w1464,0.0122
w1465,0.013
w1466,0.0122
w1467,0.0118
w1468,0.0084
w1469,0.0238
w1470,0.0166
w1471,0.0106
w1472,0.0044
w1473,0.0216
w1474,0.0076
w1475,0.0098
w1476,0.0108
w1477,0.018
w1478,0.0174
w1479,0.0082
w1480,0.006
w1481,0.0132
w1482,0.0092
w1483,0.009
w1484,0.0086
w1485,0.013
w1486,0.0086
w1487,0.0116
w1488,0.0104
w1489,0.0074
w1490,0.005
w1491,0.01
w1492,0.0104
w1493,0.0084
w1494,0.0162
w1495,0.0122
w1496,0.0104
w1497,0.0122
w1498,0.0106
w1499,0.0074
w1500,0.0134
w1501,0.013
w1502,0.0078
w1503,0.005
w1504,0.0056
w1505,0.0148
w1506,0.008
w1507,0.0082
w1508,0.0096
w1509,0.01
w1510,0.008
w1511,0.0166
w1512,0.006
w1513,0.0132
w1514,0.011
w1515,0.0144
w1516,0.0086
w1517,0.009
w1518,0.0082
w1519,0.008
w1520,0.0116
w1521,0.009
w1522,0.0072
w1523,0.0082
w1524,0.0102
w1525,0.0066
w1526,0.0054
w1527,0.0068
w1528,0.01
w1529,0.0058
w1530,0.004
w1531,0.0084
w1532,0.0078
w1533,0.006
w1534,0.014
w1535,0.0096
w1536,0.0042
w1537,0.005
w1538,0.0054
w1539,0.011
w1540,0.0066
w1541,0.0054
w1542,0.0054
w1543,0.009
w1544,0.0072
w1545,0.0088
w1546,0.003
w1547,0.0124
w1548,0.0084
w1549,0.0048
w1550,0.0102
w1551,0.0096
w1552,0.0096
w1553,0.0142
w1554,0.0138
w1555,0.008
w1556,0.0064
w1557,0.009
w1558,0.006
w1559,0.0106
w1560,0.0062
w1561,0.0056
w1562,0.0084
w1563,0.0078
w1564,0.0082
w1565,0.0054
w1566,0.0088
w1567,0.006
w1568,0.0066
w1569,0.0108
w1570,0.0056
w1571,0.0078
w1572,0.0066
w1573,0.0052
w1574,0.007
w1575,0.0048
w1576,0.0082
w1577,0.0064
w1578,0.004
w1579,0.013
w1580,0.0052
w1581,0.0054
w1582,0.0066
w1583,0.005
w1584,0.0068
w1585,0.0064
w1586,0.0092
w1587,0.0086
w1588,0.0042
w1589,0.0052
w1590,0.0086
w1591,0.0072
w1592,0.0054
w1593,0.006
w1594,0.0106
w1595,0.0064
w1596,0.0058
w1597,0.0082
w1598,0.0084
w1599,0.0034
w1600,0.0098
w1601,0.006
w1602,0.0052
w1603,0.0052
w1604,0.0062
w1605,0.006
w1606,0.0072
w1607,0.0114
w1608,0.0102
w1609,0.0072
w1610,0.0078
w1611,0.0058
w1612,0.0084
w1613,0.006
w1614,0.006
w1615,0.0036
w1616,0.0034
w1617,0.0066
w1618,0.002
w1619,0.0066
w1620,0.0088
w1621,0.008
w1622,0.0058
w1623,0.0058
w1624,0.0034
w1625,0.0012
w1626,0.0034
w1627,0.0054
w1628,0.004
w1629,0.0052
w1630,0.004
w1631,0.0046
w1632,0.0036
w1633,0.0058
w1634,0.007
w1635,0.0024
w1636,0.0166
w1637,0.0092
w1638,0.011
w1639,0.0082
w1640,0.0056
w1641,0.013
w1642,0.0084
w1643,0.0162
w1644,0.0122
w1645,0.005
w1646,0.009
w1647,0.01
w1648,0.0144
w1649,0.0098
w1650,0.0108
w1651,0.0068
w1652,0.0122
w1653,0.0106
w1654,0.006
w1655,0.013
w1656,0.0088
w1657,0.0148
w1658,0.0082
w1659,0.009
w1660,0.0086
w1661,0.0132
w1662,0.0144
w1663,0.0074
w1664,0.005
w1665,0.01
w1666,0.0104
w1667,0.0084
w1668,0.0062
w1669,0.004
w1670,0.0104
w1671,0.014
w1672,0.0042
w1673,0.0074
w1674,0.0134
w1675,0.0054
w1676,0.0078
w1677,0.0084
w1678,0.0124
w1679,0.0102
w1680,0.008
w1681,0.0138
w1682,0.0096
w1683,0.006
w1684,0.008
w1685,0.0166
w1686,0.006
w1687,0.0054
w1688,0.0072
w1689,0.0108
w1690,0.0078
w1691,0.009
w1692,0.0082
w1693,0.008
w1694,0.0116
w1695,0.009
w1696,0.0072
w1697,0.0082
w1698,0.0102
w1699,0.0066
w1700,0.0054
w1701,0.0106
w1702,0.01
w1703,0.0058
w1704,0.0098
w1705,0.0084
w1706,0.0078
w1707,0.006
w1708,0.0114
w1709,0.0096
w1710,0.0058
w1711,0.005
w1712,0.0054
w1713,0.011
w1714,0.0066
w1715,0.0054
w1716,0.0096
w1717,0.009
w1718,0.0072
w1719,0.0038
w1720,0.003
w1721,0.007
w1722,0.0084
w1723,0.0046
w1724,0.0094
w1725,0.0096
w1726,0.0096
w1727,0.0142
w1728,0.0104
w1729,0.008
w1730,0.0064
w1731,0.0122
w1732,0.0062
w1733,0.0106
w1734,0.0062
w1735,0.0056
w1736,0.0084
w1737,0.0078
w1738,0.0082
w1739,0.0146
w1740,0.0088
w1741,0.006
w1742,0.0066
w1743,0.0076
w1744,0.0056
w1745,0.0068
w1746,0.0066
w1747,0.0052
w1748,0.007
w1749,0.0048
w1750,0.0082
w1751,0.0064
w1752,0.004
w1753,0.013
w1754,0.0052
w1755,0.0054
w1756,0.0066
w1757,0.005
w1758,0.0068
w1759,0.0064
w1760,0.0092
w1761,0.0086
w1762,0.0042
w1763,0.0052
w1764,0.0086
w1765,0.0072
w1766,0.0054
w1767,0.006
w1768,0.0072
w1769,0.0064
w1770,0.0058
w1771,0.0082
w1772,0.0084
w1773,0.0034
w1774,0.0082
w1775,0.006
w1776,0.0052
w1777,0.0052
w1778,0.0062
w1779,0.006
w1780,0.0072
w1781,0.0064
w1782,0.0102
w1783,0.0072
w1784,0.0078
w1785,0.0026
w1786,0.0084
w1787,0.006
w1788,0.006
w1789,0.0036
w1790,0.0034
w1791,0.0066
w1792,0.002
w1793,0.0066
w1794,0.0088
w1795,0.008
w1796,0.0058
w1797,0.0058
w1798,0.0034
w1799,0.0012
w1800,0.0034
w1801,0.0054
w1802,0.004
w1803,0.0052
w1804,0.004
w1805,0.0046
w1806,0.0036
w1807,0.0058
w1808,0.0054
w1809,0.0024
w1810,0.0076
w1811,0.0048
w1812,0.0034
w1813,0.006
w1814,0.005
w1815,0.0058
w1816,0.0058
w1817,0.0046
w1818,0.0022
w1819,0.007
w1820,0.003
w1821,0.007
w1822,0.0036
w1823,0.0054
w1824,0.0026
w1825,0.0048
w1826,0.0018
w1827,0.0048
w1828,0.005
w1829,0.009
w1830,0.0086
w1831,0.0068
w1832,0.013
w1833,0.0166
w1834,0.0074
w1835,0.0062
w1836,0.0134
w1837,0.0078
w1838,0.0148
w1839,0.009
w1840,0.0108
w1841,0.009
w1842,0.0104
w1843,0.01
w1844,0.0122
w1845,0.0114
w1846,0.011
w1847,0.0072
w1848,0.0088
w1849,0.0102
w1850,0.0082
w1851,0.008
w1852,0.0084
w1853,0.0054
w1854,0.0056
w1855,0.0082
w1856,0.008
w1857,0.009
w1858,0.0102
w1859,0.0084
w1860,0.0106
w1861,0.004
w1862,0.0104
w1863,0.0034
w1864,0.0042
w1865,0.0074
w1866,0.0066
w1867,0.0054
w1868,0.009
w1869,0.0084
w1870,0.0124
w1871,0.0046
w1872,0.008
w1873,0.0138
w1874,0.0096
w1875,0.006
w1876,0.0106
w1877,0.0056
w1878,0.006
w1879,0.0146
w1880,0.0072
w1881,0.0076
w1882,0.0078
w1883,0.008
w1884,0.0082
w1885,0.0064
w1886,0.0116
w1887,0.007
w1888,0.0072
w1889,0.0082
w1890,0.0086
w1891,0.0066
w1892,0.0054
w1893,0.0072
w1894,0.0044
w1895,0.0058
w1896,0.0098
w1897,0.0084
w1898,0.0078
w1899,0.006
w1900,0.0102
w1901,0.0096
w1902,0.0058
w1903,0.005
w1904,0.0054
w1905,0.0074
w1906,0.0066
w1907,0.0054
w1908,0.0096
w1909,0.0028
w1910,0.0102
w1911,0.0038
w1912,0.003
w1913,0.007
w1914,0.0084
w1915,0.0062
w1916,0.0094
w1917,0.0096
w1918,0.0096
w1919,0.0142
w1920,0.0104
w1921,0.008
w1922,0.0064
w1923,0.0122
w1924,0.0058
w1925,0.0062
w1926,0.0062
w1927,0.007
w1928,0.005
w1929,0.0078
w1930,0.0082
w1931,0.0052
w1932,0.0088
w1933,0.006
w1934,0.0066
w1935,0.0094
w1936,0.0056
w1937,0.0068
w1938,0.0066
w1939,0.0052
w1940,0.007
w1941,0.0048
w1942,0.0072
w1943,0.0096
w1944,0.004
w1945,0.013
w1946,0.0052
w1947,0.0054
w1948,0.0066
w1949,0.005
w1950,0.0068
w1951,0.0064
w1952,0.0092
w1953,0.0022
w1954,0.0042
w1955,0.0052
w1956,0.0086
w1957,0.0072
w1958,0.0054
w1959,0.006
w1960,0.003
w1961,0.0064
w1962,0.0058
w1963,0.0082
w1964,0.0084
w1965,0.0034
w1966,0.0082
w1967,0.006
w1968,0.0052
w1969,0.0052
w1970,0.0062
w1971,0.006
w1972,0.0072
w1973,0.0064
w1974,0.0078
w1975,0.0072
w1976,0.0078
w1977,0.0026
w1978,0.0084
w1979,0.006
w1980,0.006
w1981,0.0036
w1982,0.0034
w1983,0.0046
w1984,0.002
w1985,0.0066
w1986,0.0088
w1987,0.008
w1988,0.0058
w1989,0.0058
w1990,0.0034
w1991,0.0012
w1992,0.0034
w1993,0.0054
w1994,0.004
w1995,0.0052
w1996,0.004
w1997,0.0046
w1998,0.0036
w1999,0.0058
w2000,0.0054
w2001,0.0024
w2002,0.0076
w2003,0.0048
w2004,0.0034
w2005,0.006
w2006,0.005
w2007,0.0058
w2008,0.0058
w2009,0.0046
w2010,0.0022
w2011,0.007
w2012,0.003
w2013,0.007
w2014,0.0036
w2015,0.0054
w2016,0.0026
w2017,0.0048
w2018,0.0018
w2019,0.0048
w2020,0.0088
w2021,0.0062
w2022,0.0038
w2023,0.0026
w2024,0.0064
w2025,0.0032
w2026,0.006
w2027,0.0044
w2028,0.0052
w2029,0.0048
w2030,0.0074
w2031,0.005
w2032,0.0038
w2033,0.0026
w2034,0.0028
w2035,0.0032
w2036,0.008
w2037,0.0016
w2038,0.0028
w2039,0.0082
w2040,0.0096
w2041,0.0078
w2042,0.0116
w2043,0.011
w2044,0.0088
w2045,0.008
w2046,0.0082
w2047,0.0078
w2048,0.0114
w2049,0.0072
w2050,0.0102
w2051,0.0084
w2052,0.0054
w2053,0.0082
w2054,0.0102
w2055,0.0106
w2056,0.0084
w2057,0.0042
w2058,0.0074
w2059,0.0054
w2060,0.0084
w2061,0.008
w2062,0.0104
w2063,0.0106
w2064,0.0076
w2065,0.0072
w2066,0.0056
w2067,0.008
w2068,0.0052
w2069,0.0072
w2070,0.0082
w2071,0.0084
w2072,0.0072
w2073,0.004
w2074,0.0062
w2075,0.0034
w2076,0.0058
w2077,0.005
w2078,0.0066
w2079,0.0096
w2080,0.009
w2081,0.0038
w2082,0.0124
w2083,0.0046
w2084,0.0096
w2085,0.0062
w2086,0.0064
w2087,0.006
w2088,0.0062
w2089,0.0056
w2090,0.006
w2091,0.0146
w2092,0.005
w2093,0.0076
w2094,0.0078
w2095,0.007
w2096,0.0048
w2097,0.0096
w2098,0.013
w2099,0.007
w2100,0.005
w2101,0.0092
w2102,0.0086
w2103,0.0066
w2104,0.0054
w2105,0.006
w2106,0.0044
w2107,0.0058
w2108,0.0098
w2109,0.0052
w2110,0.0056
w2111,0.006
w2112,0.0102
w2113,0.0096
w2114,0.0042
w2115,0.0086
w2116,0.0054
w2117,0.0074
w2118,0.0066
w2119,0.0054
w2120,0.0034
w2121,0.0028
w2122,0.0102
w2123,0.0052
w2124,0.003
w2125,0.007
w2126,0.0084
w2127,0.0062
w2128,0.0094
w2129,0.0058
w2130,0.0096
w2131,0.0142
w2132,0.007
w2133,0.008
w2134,0.0034
w2135,0.0122
w2136,0.0058
w2137,0.0062
w2138,0.006
w2139,0.007
w2140,0.005
w2141,0.0078
w2142,0.0082
w2143,0.0052
w2144,0.0088
w2145,0.006
w2146,0.004
w2147,0.0094
w2148,0.0056
w2149,0.0068
w2150,0.0066
w2151,0.0052
w2152,0.0082
w2153,0.0062
w2154,0.0072
w2155,0.008
w2156,0.004
w2157,0.0046
w2158,0.0046
w2159,0.0054
w2160,0.0066
w2161,0.0048
w2162,0.0068
w2163,0.0064
w2164,0.009
w2165,0.0022
w2166,0.0042
w2167,0.0052
w2168,0.0086
w2169,0.0072
w2170,0.0054
w2171,0.005
w2172,0.003
w2173,0.0064
w2174,0.0058
w2175,0.0082
w2176,0.0084
w2177,0.0034
w2178,0.0082
w2179,0.006
w2180,0.0084
w2181,0.0052
w2182,0.0054
w2183,0.006
w2184,0.0072
w2185,0.0064
w2186,0.0078
w2187,0.0072
w2188,0.0078
w2189,0.0026
w2190,0.0084
w2191,0.006
w2192,0.006
w2193,0.0036
w2194,0.0034
w2195,0.0046
w2196,0.002
w2197,0.0066
w2198,0.0088
w2199,0.008
w2200,0.0058
w2201,0.0058
w2202,0.0054
w2203,0.0012
w2204,0.0034
w2205,0.0054
w2206,0.004
w2207,0.0036
w2208,0.004
w2209,0.0046
w2210,0.0036
w2211,0.0058
w2212,0.0054
w2213,0.0024
w2214,0.0076
w2215,0.0048
w2216,0.0034
w2217,0.006
w2218,0.005
w2219,0.0058
w2220,0.0052
w2221,0.0046
w2222,0.0022
w2223,0.007
w2224,0.003
w2225,0.0032
w2226,0.0036
w2227,0.0054
w2228,0.0026
w2229,0.0048
w2230,0.0018
w2231,0.0048
w2232,0.0088
w2233,0.0062
w2234,0.0038
w2235,0.0026
w2236,0.0064
w2237,0.0032
w2238,0.0036
w2239,0.0044
w2240,0.0052
w2241,0.0048
w2242,0.0074
w2243,0.005
w2244,0.0038
w2245,0.0026
w2246,0.0028
w2247,0.0032
w2248,0.008
w2249,0.0016
w2250,0.0028
w2251,0.0082
w2252,0.0018
w2253,0.0034
w2254,0.0066
w2255,0.0036
w2256,0.0028
w2257,0.0026
w2258,0.0082
w2259,0.0028
w2260,0.0032
w2261,0.0054
w2262,0.0042
w2263,0.0062
w2264,0.0036
w2265,0.0032
w2266,0.0044
w2267,0.0036
w2268,0.0048
w2269,0.0072
w2270,0.0038
w2271,0.0056
w2272,0.0028
w2273,0.005
w2274,0.0084
w2275,0.0058
w2276,0.0056
w2277,0.0062
w2278,0.0054
w2279,0.006
w2280,0.013
w2281,0.0052
w2282,0.0034
w2283,0.0124
w2284,0.0052
w2285,0.006
w2286,0.0054
w2287,0.007
w2288,0.0082
w2289,0.0106
w2290,0.004
w2291,0.0096
w2292,0.0066
w2293,0.0096
w2294,0.007
w2295,0.008
w2296,0.0064
w2297,0.0122
w2298,0.0062
w2299,0.0072
w2300,0.0056
w2301,0.0048
w2302,0.0096
w2303,0.005
w2304,0.0086
w2305,0.0084
w2306,0.0072
w2307,0.0098
w2308,0.0056
w2309,0.0102
w2310,0.0078
w2311,0.005
w2312,0.0066
w2313,0.0054
w2314,0.009
w2315,0.0038
w2316,0.0084
w2317,0.0046
w2318,0.0096
w2319,0.0062
w2320,0.008
w2321,0.0058
w2322,0.0062
w2323,0.005
w2324,0.0078
w2325,0.0146
w2326,0.005
w2327,0.0076
w2328,0.0078
w2329,0.0052
w2330,0.0072
w2331,0.008
w2332,0.0046
w2333,0.007
w2334,0.0068
w2335,0.0092
w2336,0.0048
w2337,0.0066
w2338,0.0054
w2339,0.006
w2340,0.0044
w2341,0.0058
w2342,0.0034
w2343,0.0084
w2344,0.0054
w2345,0.006
w2346,0.0078
w2347,0.0052
w2348,0.0042
w2349,0.0086
w2350,0.0054
w2351,0.0074
w2352,0.0088
w2353,0.007
w2354,0.0034
w2355,0.0028
w2356,0.0102
w2357,0.0052
w2358,0.003
w2359,0.006
w2360,0.0076
w2361,0.0062
w2362,0.0094
w2363,0.0058
w2364,0.0096
w2365,0.0142
w2366,0.007
w2367,0.0026
w2368,0.0034
w2369,0.006
w2370,0.0078
w2371,0.0062
w2372,0.006
w2373,0.007
w2374,0.0074
w2375,0.0038
w2376,0.0082
w2377,0.0052
w2378,0.0088
w2379,0.006
w2380,0.004
w2381,0.0094
w2382,0.0056
w2383,0.0068
w2384,0.0066
w2385,0.008
w2386,0.0082
w2387,0.0062
w2388,0.0072
w2389,0.003
w2390,0.004
w2391,0.0046
w2392,0.0046
w2393,0.0054
w2394,0.0066
w2395,0.0048
w2396,0.004
w2397,0.0064
w2398,0.009
w2399,0.0022
w2400,0.0042
w2401,0.0052
w2402,0.0086
w2403,0.0072
w2404,0.0054
w2405,0.005
w2406,0.003
w2407,0.0064
w2408,0.0058
w2409,0.0082
w2410,0.0084
w2411,0.0052
w2412,0.0082
w2413,0.006
w2414,0.0022
w2415,0.0052
w2416,0.0048
w2417,0.006
w2418,0.0072
w2419,0.0064
w2420,0.0072
w2421,0.0072
w2422,0.0038
w2423,0.0026
w2424,0.0084
w2425,0.006
w2426,0.006
w2427,0.0036
w2428,0.0034
w2429,0.0046
w2430,0.002
w2431,0.0066
w2432,0.005
w2433,0.008
w2434,0.0058
w2435,0.0058
w2436,0.0054
w2437,0.0012
w2438,0.0034
w2439,0.0054
w2440,0.004
w2441,0.0036
w2442,0.004
w2443,0.0046
w2444,0.0036
w2445,0.0058
w2446,0.0054
w2447,0.0024
w2448,0.005
w2449,0.0048
w2450,0.0034
w2451,0.006
w2452,0.005
w2453,0.0058
w2454,0.0052
w2455,0.0046
w2456,0.0022
w2457,0.007
w2458,0.003
w2459,0.0032
w2460,0.0036
w2461,0.0054
w2462,0.0044
w2463,0.0048
w2464,0.0018
w2465,0.0048
w2466,0.0088
w2467,0.0062
w2468,0.0038
w2469,0.0026
w2470,0.0064
w2471,0.0032
w2472,0.0036
w2473,0.0044
w2474,0.0052
w2475,0.0048
w2476,0.0044
w2477,0.005
w2478,0.0048
w2479,0.0026
w2480,0.0028
w2481,0.0032
w2482,0.008
w2483,0.0016
w2484,0.0028
w2485,0.0082
w2486,0.0018
w2487,0.0034
w2488,0.0066
w2489,0.0036
w2490,0.0028
w2491,0.0026
w2492,0.0082
w2493,0.0028
w2494,0.0032
w2495,0.0054
w2496,0.0042
w2497,0.0062
w2498,0.0036
w2499,0.0032
w2500,0.0044
w2501,0.0036
w2502,0.0048
w2503,0.0026
w2504,0.0038
w2505,0.0056
w2506,0.0028
w2507,0.005
w2508,0.0036
w2509,0.004
w2510,0.0042
w2511,0.0036
w2512,0.002
w2513,0.003
w2514,0.0046
w2515,0.0036
w2516,0.003
w2517,0.0042
w2518,0.0024
w2519,0.0064
w2520,0.0036
w2521,0.0036
w2522,0.0026
w2523,0.003
w2524,0.003
w2525,0.0014
w2526,0.0016
w2527,0.0032
w2528,0.0028
w2529,0.0024
w2530,0.0032
w2531,0.0052
w2532,0.0106
w2533,0.0098
w2534,0.005
w2535,0.0072
w2536,0.0054
w2537,0.006
w2538,0.0096
w2539,0.0084
w2540,0.0102
w2541,0.007
w2542,0.0096
w2543,0.0122
w2544,0.0078
w2545,0.0052
w2546,0.0086
w2547,0.0066
w2548,0.0058
w2549,0.006
w2550,0.0086
w2551,0.0102
w2552,0.0084
w2553,0.0096
w2554,0.0062
w2555,0.0058
w2556,0.0062
w2557,0.0146
w2558,0.0066
w2559,0.0082
w2560,0.008
w2561,0.0068
w2562,0.0084
w2563,0.0054
w2564,0.0044
w2565,0.0034
w2566,0.0056
w2567,0.0078
w2568,0.0078
w2569,0.0054
w2570,0.0088
w2571,0.007
w2572,0.0052
w2573,0.0038
w2574,0.006
w2575,0.0046
w2576,0.0058
w2577,0.0142
w2578,0.008
w2579,0.0078
w2580,0.0062
w2581,0.005
w2582,0.0078
w2583,0.0052
w2584,0.005
w2585,0.0076
w2586,0.0062
w2587,0.0038
w2588,0.0072
w2589,0.004
w2590,0.0046
w2591,0.007
w2592,0.0048
w2593,0.0092
w2594,0.0048
w2595,0.0086
w2596,0.0054
w2597,0.006
w2598,0.0064
w2599,0.0082
w2600,0.0052
w2601,0.0084
w2602,0.0054
w2603,0.006
w2604,0.0064
w2605,0.0052
w2606,0.0042
w2607,0.006
w2608,0.0052
w2609,0.0074
w2610,0.005
w2611,0.008
w2612,0.0034
w2613,0.0028
w2614,0.0054
w2615,0.0052
w2616,0.003
w2617,0.0058
w2618,0.0076
w2619,0.0062
w2620,0.0094
w2621,0.0052
w2622,0.0042
w2623,0.007
w2624,0.007
w2625,0.0026
w2626,0.0034
w2627,0.006
w2628,0.0062
w2629,0.0062
w2630,0.006
w2631,0.007
w2632,0.0074
w2633,0.0038
w2634,0.0082
w2635,0.0032
w2636,0.0088
w2637,0.006
w2638,0.004
w2639,0.0094
w2640,0.0056
w2641,0.0068
w2642,0.0044
w2643,0.008
w2644,0.0044
w2645,0.0062
w2646,0.0072
w2647,0.003
w2648,0.0042
w2649,0.0046
w2650,0.0046
w2651,0.0054
w2652,0.0066
w2653,0.0038
w2654,0.004
w2655,0.0064
w2656,0.009
w2657,0.0022
w2658,0.0042
w2659,0.0052
w2660,0.0042
w2661,0.0072
w2662,0.0028
w2663,0.005
w2664,0.003
w2665,0.0046
w2666,0.0058
w2667,0.0082
w2668,0.0084
w2669,0.0028
w2670,0.0082
w2671,0.006
w2672,0.0022
w2673,0.0052
w2674,0.0048
w2675,0.0034
w2676,0.0072
w2677,0.0036
w2678,0.0072
w2679,0.0072
w2680,0.0038
w2681,0.0026
w2682,0.0084
w2683,0.006
w2684,0.0036
w2685,0.0036
w2686,0.0034
w2687,0.0046
w2688,0.002
w2689,0.0066
w2690,0.0026
w2691,0.0036
w2692,0.0058
w2693,0.0058
w2694,0.0054
w2695,0.0012
w2696,0.0034
w2697,0.002
w2698,0.004
w2699,0.0036
w2700,0.004
w2701,0.0046
w2702,0.0036
w2703,0.0042
w2704,0.0054
w2705,0.0024
w2706,0.005
w2707,0.0048
w2708,0.0034
w2709,0.006
w2710,0.005
w2711,0.0058
w2712,0.0012
w2713,0.0046
w2714,0.0022
w2715,0.0038
w2716,0.003
w2717,0.0032
w2718,0.0036
w2719,0.0054
w2720,0.0044
w2721,0.0048
w2722,0.0018
w2723,0.0048
w2724,0.0088
w2725,0.0048
w2726,0.0038
w2727,0.0026
w2728,0.0064
w2729,0.0032
w2730,0.0036
w2731,0.0044
w2732,0.0052
w2733,0.0048
w2734,0.0044
w2735,0.005
w2736,0.0048
w2737,0.0026
w2738,0.0028
w2739,0.0026
w2740,0.008
w2741,0.0016
w2742,0.0028
w2743,0.0082
w2744,0.0018
w2745,0.0034
w2746,0.0066
w2747,0.0036
w2748,0.0028
w2749,0.0026
w2750,0.0082
w2751,0.0028
w2752,0.0032
w2753,0.0054
w2754,0.0042
w2755,0.0062
w2756,0.0036
w2757,0.0032
w2758,0.0016
w2759,0.0036
w2760,0.0048
w2761,0.0026
w2762,0.0038
w2763,0.0056
w2764,0.0028
w2765,0.005
w2766,0.0036
w2767,0.004
w2768,0.0042
w2769,0.0036
w2770,0.002
w2771,0.003
w2772,0.0046
w2773,0.0036
w2774,0.003
w2775,0.0042
w2776,0.0024
w2777,0.0064
w2778,0.0036
w2779,0.0036
w2780,0.0026
w2781,0.003
w2782,0.003
w2783,0.0014
w2784,0.0016
w2785,0.0032
w2786,0.0028
w2787,0.0024
w2788,0.0032
w2789,0.0052
w2790,0.0046
w2791,0.0018
w2792,0.0032
w2793,0.0048
w2794,0.0028
w2795,0.0024
w2796,0.0018
w2797,0.0038
w2798,0.0018
w2799,0.0016
w2800,0.0018
w2801,0.004
w2802,0.0012
w2803,0.0022
w2804,0.0034
w2805,0.0028
w2806,0.0028
w2807,0.0034
w2808,0.003
w2809,0.005
w2810,0.0024
w2811,0.0016
w2812,0.0042
w2813,0.003
w2814,0.0024
w2815,0.0028
w2816,0.0078
w2817,0.0082
w2818,0.0052
w2819,0.0084
w2820,0.0038
w2821,0.0088
w2822,0.0068
w2823,0.0054
w2824,0.0078
w2825,0.0052
w2826,0.0038
w2827,0.0078
w2828,0.0062
w2829,0.0082
w2830,0.0048
w2831,0.0054
w2832,0.0056
w2833,0.0102
w2834,0.0088
w2835,0.007
w2836,0.006
w2837,0.0046
w2838,0.0062
w2839,0.0062
w2840,0.0074
w2841,0.005
w2842,0.0068
w2843,0.0072
w2844,0.008
w2845,0.007
w2846,0.0042
w2847,0.0086
w2848,0.0044
w2849,0.0052
w2850,0.0054
w2851,0.006
w2852,0.0078
w2853,0.0054
w2854,0.005
w2855,0.0034
w2856,0.0054
w2857,0.003
w2858,0.0058
w2859,0.0094
w2860,0.0058
w2861,0.0142
w2862,0.008
w2863,0.006
w2864,0.006
w2865,0.007
w2866,0.0082
w2867,0.0032
w2868,0.006
w2869,0.0076
w2870,0.0044
w2871,0.0038
w2872,0.0062
w2873,0.004
w2874,0.0046
w2875,0.0066
w2876,0.0048
w2877,0.0092
w2878,0.0064
w2879,0.0042
w2880,0.0072
w2881,0.006
w2882,0.0064
w2883,0.004
w2884,0.0082
w2885,0.0084
w2886,0.0048
w2887,0.0044
w2888,0.0064
w2889,0.0052
w2890,0.0042
w2891,0.006
w2892,0.0052
w2893,0.0074
w2894,0.0066
w2895,0.008
w2896,0.0058
w2897,0.0028
w2898,0.0052
w2899,0.0052
w2900,0.0052
w2901,0.0078
w2902,0.0076
w2903,0.0062
w2904,0.005
w2905,0.0052
w2906,0.0042
w2907,0.007
w2908,0.007
w2909,0.0026
w2910,0.0034
w2911,0.0088
w2912,0.0062
w2913,0.0062
w2914,0.0036
w2915,0.0044
w2916,0.0044
w2917,0.0038
w2918,0.0026
w2919,0.008
w2920,0.0028
w2921,0.0044
w2922,0.004
w2923,0.0094
w2924,0.0056
w2925,0.0032
w2926,0.0042
w2927,0.008
w2928,0.0044
w2929,0.0048
w2930,0.0072
w2931,0.003
w2932,0.0042
w2933,0.0046
w2934,0.0046
w2935,0.0054
w2936,0.003
w2937,0.0038
w2938,0.004
w2939,0.0064
w2940,0.009
w2941,0.0022
w2942,0.0018
w2943,0.0052
w2944,0.0052
w2945,0.0054
w2946,0.0028
w2947,0.005
w2948,0.003
w2949,0.0046
w2950,0.0058
w2951,0.0082
w2952,0.003
w2953,0.0028
w2954,0.0024
w2955,0.006
w2956,0.0022
w2957,0.0052
w2958,0.0034
w2959,0.0056
w2960,0.0072
w2961,0.0036
w2962,0.0072
w2963,0.0072
w2964,0.0038
w2965,0.0026
w2966,0.0084
w2967,0.006
w2968,0.0036
w2969,0.0036
w2970,0.004
w2971,0.0046
w2972,0.002
w2973,0.005
w2974,0.0026
w2975,0.0036
w2976,0.0058
w2977,0.0048
w2978,0.0054
w2979,0.0012
w2980,0.0034
w2981,0.002
w2982,0.004
w2983,0.0036
w2984,0.004
w2985,0.0046
w2986,0.0036
w2987,0.0042
w2988,0.0054
w2989,0.0024
w2990,0.005
w2991,0.0048
w2992,0.0034
w2993,0.006
w2994,0.0036
w2995,0.0058
w2996,0.0012
w2997,0.0046
w2998,0.0022
w2999,0.0038
w3000,0.003
w3001,0.0032
w3002,0.0036
w3003,0.0054
w3004,0.0044
w3005,0.0048
w3006,0.0018
w3007,0.0048
w3008,0.0042
w3009,0.0048
w3010,0.0038
w3011,0.0026
w3012,0.0064
w3013,0.0032
w3014,0.005
w3015,0.0058
w3016,0.0052
w3017,0.0048
w3018,0.005
w3019,0.005
w3020,0.0048
w3021,0.0038
w3022,0.0028
w3023,0.0026
w3024,0.004
w3025,0.0016
w3026,0.0016
w3027,0.0082
w3028,0.0018
w3029,0.0034
w3030,0.0066
w3031,0.0036
w3032,0.0028
w3033,0.0026
w3034,0.0082
w3035,0.0028
w3036,0.0042
w3037,0.0054
w3038,0.001
w3039,0.0062
w3040,0.0036
w3041,0.0032
w3042,0.0016
w3043,0.0036
w3044,0.0042
w3045,0.0026
w3046,0.0038
w3047,0.0056
w3048,0.0028
w3049,0.005
w3050,0.0036
w3051,0.004
w3052,0.0042
w3053,0.0036
w3054,0.002
w3055,0.003
w3056,0.0046
w3057,0.0036
w3058,0.0026
w3059,0.0042
w3060,0.0024
w3061,0.0064
w3062,0.0036
w3063,0.0036
w3064,0.0026
w3065,0.003
w3066,0.003
w3067,0.0014
w3068,0.0016
w3069,0.0032
w3070,0.0028
w3071,0.0024
w3072,0.0032
w3073,0.0028
w3074,0.0046
w3075,0.0018
w3076,0.0032
w3077,0.0048
w3078,0.0028
w3079,0.0024
w3080,0.0018
w3081,0.0038
w3082,0.0018
w3083,0.0016
w3084,0.0018
w3085,0.004
w3086,0.0012
w3087,0.0022
w3088,0.0034
w3089,0.0028
w3090,0.0028
w3091,0.0034
w3092,0.003
w3093,0.005
w3094,0.0042
w3095,0.0016
w3096,0.0042
w3097,0.003
w3098,0.0024
w3099,0.0028
w3100,0.0054
w3101,0.0038
w3102,0.0034
w3103,0.0034
w3104,0.0018
w3105,0.003
w3106,0.0022
w3107,0.0026
w3108,0.0042
w3109,0.0032
w3110,0.0052
w3111,0.004
w3112,0.0044
w3113,0.0046
w3114,0.0044
w3115,0.0016
w3116,0.0036
w3117,0.0044
w3118,0.0022
w3119,0.0018
w3120,0.0032
w3121,0.0044
w3122,0.0018
w3123,0.0018
w3124,0.0036
w3125,0.0046
w3126,0.0034
w3127,0.0038
w3128,0.0024
w3129,0.0046
w3130,0.006
w3131,0.0078
w3132,0.0054
w3133,0.006
w3134,0.0068
w3135,0.0072
w3136,0.0086
w3137,0.005
w3138,0.003
w3139,0.0094
w3140,0.0062
w3141,0.0076
w3142,0.004
w3143,0.0092
w3144,0.0064
w3145,0.0084
w3146,0.0072
w3147,0.0066
w3148,0.0054
w3149,0.0058
w3150,0.005
w3151,0.008
w3152,0.006
w3153,0.0074
w3154,0.005
w3155,0.0056
w3156,0.0038
w3157,0.0046
w3158,0.0066
w3159,0.0064
w3160,0.0042
w3161,0.0058
w3162,0.004
w3163,0.0048
w3164,0.0064
w3165,0.0042
w3166,0.006
w3167,0.005
w3168,0.0034
w3169,0.0052
w3170,0.0052
w3171,0.0078
w3172,0.0062
w3173,0.0058
w3174,0.007
w3175,0.0034
w3176,0.006
w3177,0.0036
w3178,0.007
w3179,0.0082
w3180,0.0032
w3181,0.006
w3182,0.0082
w3183,0.0044
w3184,0.008
w3185,0.0062
w3186,0.0042
w3187,0.0046
w3188,0.0054
w3189,0.0048
w3190,0.009
w3191,0.0064
w3192,0.0052
w3193,0.0072
w3194,0.003
w3195,0.0046
w3196,0.0082
w3197,0.0024
w3198,0.006
w3199,0.0052
w3200,0.0056
w3201,0.0072
w3202,0.0052
w3203,0.0058
w3204,0.006
w3205,0.0052
w3206,0.0074
w3207,0.0026
w3208,0.008
w3209,0.0058
w3210,0.0028
w3211,0.004
w3212,0.0052
w3213,0.0058
w3214,0.0054
w3215,0.0076
w3216,0.0048
w3217,0.006
w3218,0.0052
w3219,0.0042
w3220,0.007
w3221,0.0036
w3222,0.0026
w3223,0.0048
w3224,0.0088
w3225,0.0062
w3226,0.0062
w3227,0.005
w3228,0.0044
w3229,0.0044
w3230,0.0038
w3231,0.0026
w3232,0.008
w3233,0.0028
w3234,0.0044
w3235,0.004
w3236,0.0094
w3237,0.0026
w3238,0.0032
w3239,0.0042
w3240,0.0036
w3241,0.0044
w3242,0.0048
w3243,0.0072
w3244,0.003
w3245,0.0036
w3246,0.004
w3247,0.0026
w3248,0.0038
w3249,0.003
w3250,0.0038
w3251,0.004
w3252,0.0026
w3253,0.003
w3254,0.0022
w3255,0.0018
w3256,0.0052
w3257,0.0046
w3258,0.0054
w3259,0.0028
w3260,0.005
w3261,0.0038
w3262,0.0042
w3263,0.002
w3264,0.0034
w3265,0.003
w3266,0.0028
w3267,0.0042
w3268,0.0028
w3269,0.0022
w3270,0.0028
w3271,0.0034
w3272,0.0034
w3273,0.004
w3274,0.0036
w3275,0.0036
w3276,0.0072
w3277,0.0038
w3278,0.0026
w3279,0.0084
w3280,0.0038
w3281,0.0036
w3282,0.0036
w3283,0.004
w3284,0.0046
w3285,0.002
w3286,0.0026
w3287,0.0084
w3288,0.0036
w3289,0.0058
w3290,0.0048
w3291,0.0054
w3292,0.0038
w3293,0.0034
w3294,0.002
w3295,0.003
w3296,0.0036
w3297,0.004
w3298,0.0046
w3299,0.0022
w3300,0.0042
w3301,0.0022
w3302,0.0024
w3303,0.005
w3304,0.004
w3305,0.0034
w3306,0.002
w3307,0.0036
w3308,0.0058
w3309,0.0012
w3310,0.0046
w3311,0.0022
w3312,0.0038
w3313,0.003
w3314,0.0032
w3315,0.0028
w3316,0.0054
w3317,0.0044
w3318,0.0026
w3319,0.0018
w3320,0.0048
w3321,0.0042
w3322,0.0048
w3323,0.0038
w3324,0.0026
w3325,0.0064
w3326,0.0032
w3327,0.0028
w3328,0.0058
w3329,0.0052
w3330,0.0048
w3331,0.005
w3332,0.005
w3333,0.0048
w3334,0.0038
w3335,0.0028
w3336,0.0026
w3337,0.004
w3338,0.0016
w3339,0.0016
w3340,0.0082
w3341,0.0018
w3342,0.0034
w3343,0.0066
w3344,0.0036
w3345,0.0028
w3346,0.0048
w3347,0.0062
w3348,0.0028
w3349,0.0042
w3350,0.0054
w3351,0.001
w3352,0.0062
w3353,0.0024
w3354,0.0032
w3355,0.0016
w3356,0.0036
w3357,0.0042
w3358,0.0026
w3359,0.0038
w3360,0.0056
w3361,0.0028
w3362,0.005
w3363,0.003
w3364,0.003
w3365,0.0042
w3366,0.0036
w3367,0.002
w3368,0.003
w3369,0.0046
w3370,0.0036
w3371,0.0026
w3372,0.0042
w3373,0.0024
w3374,0.0064
w3375,0.0036
w3376,0.0036
w3377,0.004
w3378,0.003
w3379,0.0034
w3380,0.0014
w3381,0.0016
w3382,0.0032
w3383,0.0028
w3384,0.0024
w3385,0.0032
w3386,0.0028
w3387,0.003
w3388,0.0018
w3389,0.0032
w3390,0.0048
w3391,0.0028
w3392,0.0024
w3393,0.0018
w3394,0.0038
w3395,0.0018
w3396,0.0016
w3397,0.0018
w3398,0.004
w3399,0.0012
w3400,0.0022
w3401,0.0026
w3402,0.0028
w3403,0.0028
w3404,0.0034
w3405,0.003
w3406,0.005
w3407,0.0036
w3408,0.0016
w3409,0.0042
w3410,0.003
w3411,0.0024
w3412,0.0032
w3413,0.0054
w3414,0.0038
w3415,0.0034
w3416,0.005
w3417,0.0018
w3418,0.003
w3419,0.0022
w3420,0.0026
w3421,0.0042
w3422,0.0032
w3423,0.0052
w3424,0.004
w3425,0.0044
w3426,0.0046
w3427,0.0044
w3428,0.0016
w3429,0.0036
w3430,0.0044
w3431,0.0022
w3432,0.0018
w3433,0.0032
w3434,0.0044
w3435,0.0018
w3436,0.0018
w3437,0.0036
w3438,0.0046
w3439,0.0034
w3440,0.0038
w3441,0.0024
w3442,0.004
w3443,0.0042
w3444,0.0046
w3445,0.0026
w3446,0.0042
w3447,0.0044
w3448,0.0016
w3449,0.0022
w3450,0.0028
w3451,0.0016
w3452,0.0012
w3453,0.0042
w3454,0.0022
w3455,0.0018
w3456,0.0012
w3457,0.0022
w3458,0.0016
w3459,0.0034
w3460,0.0018
w3461,0.004
w3462,0.0016
w3463,0.0036
w3464,0.0046
w3465,0.0024
w3466,0.0052
w3467,0.0042
w3468,0.0034
w3469,0.002
w3470,0.0036
w3471,0.0022
w3472,0.0032
w3473,0.0032
w3474,0.0078
w3475,0.005
w3476,0.0048
w3477,0.0064
w3478,0.0058
w3479,0.005
w3480,0.008
w3481,0.0056
w3482,0.006
w3483,0.0052
w3484,0.0058
w3485,0.0062
w3486,0.004
w3487,0.0046
w3488,0.0038
w3489,0.0042
w3490,0.006
w3491,0.0052
w3492,0.005
w3493,0.004
w3494,0.0052
w3495,0.0062
w3496,0.002
w3497,0.0036
w3498,0.0074
w3499,0.006
w3500,0.0082
w3501,0.0036
w3502,0.0046
w3503,0.004
w3504,0.0064
w3505,0.0072
w3506,0.0058
w3507,0.0082
w3508,0.0022
w3509,0.0064
w3510,0.0072
w3511,0.006
w3512,0.0026
w3513,0.0048
w3514,0.0028
w3515,0.0052
w3516,0.0054
w3517,0.0048
w3518,0.0052
w3519,0.007
w3520,0.0034
w3521,0.0088
w3522,0.0062
w3523,0.007
w3524,0.0082
w3525,0.0032
w3526,0.004
w3527,0.0094
w3528,0.0044
w3529,0.0062
w3530,0.0072
w3531,0.003
w3532,0.0026
w3533,0.0038
w3534,0.0064
w3535,0.009
w3536,0.0042
w3537,0.0052
w3538,0.0054
w3539,0.003
w3540,0.0046
w3541,0.0042
w3542,0.0024
w3543,0.0034
w3544,0.0052
w3545,0.0056
w3546,0.0072
w3547,0.0044
w3548,0.0058
w3549,0.0036
w3550,0.0052
w3551,0.0074
w3552,0.0084
w3553,0.008
w3554,0.0054
w3555,0.0034
w3556,0.004
w3557,0.004
w3558,0.0058
w3559,0.0042
w3560,0.0076
w3561,0.0034
w3562,0.006
w3563,0.0058
w3564,0.0042
w3565,0.007
w3566,0.0036
w3567,0.0026
w3568,0.0048
w3569,0.0048
w3570,0.0048
w3571,0.0062
w3572,0.005
w3573,0.0044
w3574,0.0044
w3575,0.0038
w3576,0.0026
w3577,0.008
w3578,0.0028
w3579,0.0044
w3580,0.0066
w3581,0.0028
w3582,0.0026
w3583,0.0032
w3584,0.0042
w3585,0.004
w3586,0.0044
w3587,0.0048
w3588,0.0038
w3589,0.0034
w3590,0.0036
w3591,0.004
w3592,0.002
w3593,0.0046
w3594,0.003
w3595,0.0024
w3596,0.0024
w3597,0.0026
w3598,0.003
w3599,0.0022
w3600,0.0018
w3601,0.0052
w3602,0.0046
w3603,0.0028
w3604,0.0028
w3605,0.005
w3606,0.0038
w3607,0.0042
w3608,0.002
w3609,0.0034
w3610,0.003
w3611,0.0028
w3612,0.0042
w3613,0.0028
w3614,0.003
w3615,0.0028
w3616,0.0034
w3617,0.0034
w3618,0.004
w3619,0.0036
w3620,0.0036
w3621,0.0022
w3622,0.0038
w3623,0.0026
w3624,0.0084
w3625,0.0038
w3626,0.0044
w3627,0.0036
w3628,0.004
w3629,0.0046
w3630,0.002
w3631,0.0026
w3632,0.0044
w3633,0.0036
w3634,0.0058
w3635,0.0034
w3636,0.0054
w3637,0.0038
w3638,0.0022
w3639,0.002
w3640,0.003
w3641,0.0036
w3642,0.0054
w3643,0.0046
w3644,0.0022
w3645,0.0038
w3646,0.0022
w3647,0.0024
w3648,0.005
w3649,0.004
w3650,0.004
w3651,0.002
w3652,0.0036
w3653,0.0018
w3654,0.0028
w3655,0.0046
w3656,0.0022
w3657,0.0038
w3658,0.003
w3659,0.003
w3660,0.0028
w3661,0.0054
w3662,0.0044
w3663,0.0026
w3664,0.0018
w3665,0.0026
w3666,0.0042
w3667,0.0026
w3668,0.0038
w3669,0.0026
w3670,0.0064
w3671,0.0032
w3672,0.0028
w3673,0.0058
w3674,0.0052
w3675,0.0048
w3676,0.005
w3677,0.005
w3678,0.0048
w3679,0.0038
w3680,0.0028
w3681,0.0026
w3682,0.004
w3683,0.0016
w3684,0.0016
w3685,0.0082
w3686,0.0018
w3687,0.0034
w3688,0.0046
w3689,0.0036
w3690,0.0044
w3691,0.0048
w3692,0.0062
w3693,0.0028
w3694,0.0042
w3695,0.0054
w3696,0.001
w3697,0.0022
w3698,0.0024
w3699,0.0032
w3700,0.0016
w3701,0.0036
w3702,0.0042
w3703,0.0026
w3704,0.0028
w3705,0.0056
w3706,0.0028
w3707,0.005
w3708,0.003
w3709,0.003
w3710,0.0042
w3711,0.0036
w3712,0.003
w3713,0.003
w3714,0.0056
w3715,0.0036
w3716,0.0026
w3717,0.0042
w3718,0.0044
w3719,0.0032
w3720,0.0036
w3721,0.0036
w3722,0.004
w3723,0.003
w3724,0.0034
w3725,0.0014
w3726,0.0016
w3727,0.0032
w3728,0.0028
w3729,0.0024
w3730,0.0032
w3731,0.0028
w3732,0.003
w3733,0.0018
w3734,0.0032
w3735,0.0048
w3736,0.0028
w3737,0.0024
w3738,0.0018
w3739,0.0038
w3740,0.0018
w3741,0.0016
w3742,0.0018
w3743,0.004
w3744,0.0012
w3745,0.0022
w3746,0.0026
w3747,0.0028
w3748,0.0028
w3749,0.0034
w3750,0.003
w3751,0.005
w3752,0.0036
w3753,0.0016
w3754,0.0042
w3755,0.0046
w3756,0.0024
w3757,0.0032
w3758,0.0054
w3759,0.0038
w3760,0.0034
w3761,0.005
w3762,0.0018
w3763,0.003
w3764,0.0022
w3765,0.0026
w3766,0.0042
w3767,0.0032
w3768,0.0052
w3769,0.004
w3770,0.0028
w3771,0.0046
w3772,0.0044
w3773,0.0016
w3774,0.0036
w3775,0.0044
w3776,0.0022
w3777,0.0018
w3778,0.0032
w3779,0.0038
w3780,0.0018
w3781,0.0018
w3782,0.0036
w3783,0.0046
w3784,0.0034
w3785,0.0038
w3786,0.0024
w3787,0.004
w3788,0.0042
w3789,0.0046
w3790,0.0026
w3791,0.0042
w3792,0.0018
w3793,0.0016
w3794,0.0022
w3795,0.0028
w3796,0.0016
w3797,0.0012
w3798,0.0042
w3799,0.0022
w3800,0.0018
w3801,0.0012
w3802,0.0022
w3803,0.0016
w3804,0.0034
w3805,0.0018
w3806,0.004
w3807,0.0016
w3808,0.0036
w3809,0.0046
w3810,0.0024
w3811,0.0052
w3812,0.0042
w3813,0.0034
w3814,0.002
w3815,0.0036
w3816,0.0022
w3817,0.0032
w3818,0.0032
w3819,0.0012
w3820,0.0032
w3821,0.0032
w3822,0.0026
w3823,0.0018
w3824,0.0016
w3825,0.003
w3826,0.002
w3827,0.0012
w3828,0.0026
w3829,0.0018
w3830,0.003
w3831,0.0026
w3832,0.0028
w3833,0.002
w3834,0.0026
w3835,0.0012
w3836,0.0014
w3837,0.0018
w3838,0.001
w3839,0.0018
w3840,0.0024
w3841,0.004
w3842,0.0038
w3843,0.0014
w3844,0.0026
w3845,0.0032
w3846,0.0018
w3847,0.0016
w3848,0.0024
w3849,0.0022
w3850,0.0036
w3851,0.0018
w3852,0.0026
w3853,0.0028
w3854,0.0052
w3855,0.0058
w3856,0.0088
w3857,0.0084
w3858,0.0052
w3859,0.0032
w3860,0.0062
w3861,0.005
w3862,0.0072
w3863,0.004
w3864,0.002
w3865,0.0062
w3866,0.0082
w3867,0.0038
w3868,0.0042
w3869,0.0052
w3870,0.0022
w3871,0.0072
w3872,0.002
w3873,0.0028
w3874,0.0052
w3875,0.0042
w3876,0.0046
w3877,0.0048
w3878,0.0038
w3879,0.0054
w3880,0.0094
w3881,0.0048
w3882,0.0046
w3883,0.0064
w3884,0.009
w3885,0.0028
w3886,0.0042
w3887,0.0082
w3888,0.0034
w3889,0.0036
w3890,0.0058
w3891,0.006
w3892,0.0046
w3893,0.0048
w3894,0.004
w3895,0.004
w3896,0.0054
w3897,0.0048
w3898,0.0028
w3899,0.007
w3900,0.0034
w3901,0.0048
w3902,0.0062
w3903,0.0044
w3904,0.005
w3905,0.008
w3906,0.0044
w3907,0.0026
w3908,0.0044
w3909,0.004
w3910,0.0042
w3911,0.003
w3912,0.0026
w3913,0.0038
w3914,0.0024
w3915,0.0026
w3916,0.0022
w3917,0.0052
w3918,0.0028
w3919,0.0038
w3920,0.0046
w3921,0.0042
w3922,0.0024
w3923,0.0028
w3924,0.0052
w3925,0.0056
w3926,0.0036
w3927,0.0044
w3928,0.0084
w3929,0.0036
w3930,0.0052
w3931,0.0032
w3932,0.0026
w3933,0.008
w3934,0.0054
w3935,0.0034
w3936,0.002
w3937,0.0054
w3938,0.0058
w3939,0.0042
w3940,0.0076
w3941,0.0034
w3942,0.006
w3943,0.0054
w3944,0.0046
w3945,0.007
w3946,0.0036
w3947,0.0026
w3948,0.0048
w3949,0.0042
w3950,0.0038
w3951,0.0064
w3952,0.005
w3953,0.0058
w3954,0.005
w3955,0.0048
w3956,0.0026
w3957,0.004
w3958,0.0028
w3959,0.0082
w3960,0.0046
w3961,0.0028
w3962,0.0062
w3963,0.0032
w3964,0.0042
w3965,0.0026
w3966,0.0044
w3967,0.0036
w3968,0.0028
w3969,0.0034
w3970,0.0036
w3971,0.004
w3972,0.002
w3973,0.0046
w3974,0.003
w3975,0.003
w3976,0.0024
w3977,0.004
w3978,0.003
w3979,0.0046
w3980,0.0018
w3981,0.0044
w3982,0.0046
w3983,0.0038
w3984,0.0048
w3985,0.004
w3986,0.0036
w3987,0.0042
w3988,0.002
w3989,0.0034
w3990,0.003
w3991,0.0028
w3992,0.0042
w3993,0.0042
w3994,0.003
w3995,0.0028
w3996,0.0034
w3997,0.0034
w3998,0.004
w3999,0.0032
w4000,0.0024
w4001,0.0022
w4002,0.0038
w4003,0.0026
w4004,0.0022
w4005,0.0038
w4006,0.0044
w4007,0.0036
w4008,0.004
w4009,0.0032
w4010,0.004
w4011,0.0046
w4012,0.0044
w4013,0.0036
w4014,0.0058
w4015,0.0034
w4016,0.0054
w4017,0.0038
w4018,0.0022
w4019,0.0032
w4020,0.003
w4021,0.0036
w4022,0.0034
w4023,0.0046
w4024,0.0022
w4025,0.0038
w4026,0.0022
w4027,0.0024
w4028,0.005
w4029,0.004
w4030,0.004
w4031,0.002
w4032,0.0036
w4033,0.0018
w4034,0.0028
w4035,0.0018
w4036,0.0022
w4037,0.0038
w4038,0.003
w4039,0.003
w4040,0.0028
w4041,0.0054
w4042,0.0044
w4043,0.0026
w4044,0.0018
w4045,0.0026
w4046,0.0032
w4047,0.0026
w4048,0.0028
w4049,0.0026
w4050,0.0048
w4051,0.0032
w4052,0.0028
w4053,0.0054
w4054,0.0052
w4055,0.0048
w4056,0.0026
w4057,0.0026
w4058,0.0036
w4059,0.0038
w4060,0.0028
w4061,0.0026
w4062,0.0026
w4063,0.0016
w4064,0.0016
w4065,0.0036
w4066,0.0018
w4067,0.0034
w4068,0.0034
w4069,0.0036
w4070,0.0044
w4071,0.0048
w4072,0.0062
w4073,0.0028
w4074,0.0042
w4075,0.0054
w4076,0.001
w4077,0.0022
w4078,0.0024
w4079,0.0032
w4080,0.0016
w4081,0.0016
w4082,0.0012
w4083,0.0026
w4084,0.0034
w4085,0.0056
w4086,0.0028
w4087,0.005
w4088,0.003
w4089,0.003
w4090,0.0042
w4091,0.0036
w4092,0.003
w4093,0.003
w4094,0.0056
w4095,0.0036
w4096,0.0026
w4097,0.0042
w4098,0.0044
w4099,0.0032
w4100,0.0036
w4101,0.0036
w4102,0.005
w4103,0.003
w4104,0.0034
w4105,0.0014
w4106,0.0016
w4107,0.0032
w4108,0.0028
w4109,0.0024
w4110,0.0032
w4111,0.0028
w4112,0.003
w4113,0.0018
w4114,0.0032
w4115,0.004
w4116,0.0028
w4117,0.0024
w4118,0.0018
w4119,0.0038
w4120,0.0018
w4121,0.0016
w4122,0.0018
w4123,0.004
w4124,0.0012
w4125,0.0022
w4126,0.0026
w4127,0.0028
w4128,0.0028
w4129,0.0034
w4130,0.003
w4131,0.005
w4132,0.0036
w4133,0.0016
w4134,0.0038
w4135,0.0046
w4136,0.0024
w4137,0.0032
w4138,0.0054
w4139,0.0038
w4140,0.0034
w4141,0.005
w4142,0.0018
w4143,0.003
w4144,0.0022
w4145,0.0026
w4146,0.0042
w4147,0.0032
w4148,0.0052
w4149,0.004
w4150,0.0028
w4151,0.0046
w4152,0.0044
w4153,0.0016
w4154,0.0036
w4155,0.0044
w4156,0.0042
w4157,0.0018
w4158,0.0032
w4159,0.0038
w4160,0.0018
w4161,0.0018
w4162,0.0036
w4163,0.0046
w4164,0.0034
w4165,0.0038
w4166,0.0024
w4167,0.0012
w4168,0.0042
w4169,0.0026
w4170,0.0026
w4171,0.0042
w4172,0.0018
w4173,0.0016
w4174,0.0022
w4175,0.0028
w4176,0.0016
w4177,0.0012
w4178,0.0042
w4179,0.0022
w4180,0.0018
w4181,0.0012
w4182,0.0022
w4183,0.0016
w4184,0.0034
w4185,0.0018
w4186,0.004
w4187,0.0016
w4188,0.0036
w4189,0.0046
w4190,0.0024
w4191,0.0052
w4192,0.0042
w4193,0.0034
w4194,0.002
w4195,0.0036
w4196,0.0022
w4197,0.0032
w4198,0.0032
w4199,0.0012
w4200,0.0032
w4201,0.0032
w4202,0.0026
w4203,0.0018
w4204,0.0016
w4205,0.003
w4206,0.002
w4207,0.0012
w4208,0.0026
w4209,0.0018
w4210,0.003
w4211,0.0026
w4212,0.0028
w4213,0.002
w4214,0.0026
w4215,0.0012
w4216,0.0014
w4217,0.0028
w4218,0.001
w4219,0.0018
w4220,0.0024
w4221,0.004
w4222,0.0038
w4223,0.0014
w4224,0.0026
w4225,0.0032
w4226,0.0018
w4227,0.0016
w4228,0.0024
w4229,0.0022
w4230,0.0036
w4231,0.0018
w4232,0.0026
w4233,0.0028
w4234,0.0038
w4235,0.0022
w4236,0.0026
w4237,0.0026
w4238,0.0024
w4239,0.001
w4240,0.0022
w4241,0.0028
w4242,0.0014
w4243,0.001
w4244,0.0014
w4245,0.0014
w4246,0.0032
w4247,0.0026
w4248,0.0018
w4249,0.0022
w4250,0.0012
w4251,0.0028
w4252,0.0034
w4253,0.0026
w4254,0.0026
w4255,0.002
w4256,0.0028
w4257,0.0024
w4258,0.0014
w4259,0.0016
w4260,0.0018
w4261,0.0032
w4262,0.0014
w4263,0.0016
w4264,0.0014
w4265,0.0018
w4266,0.0018
w4267,0.001
w4268,0.0024
w4269,0.002
w4270,0.0012
w4271,0.001
w4272,0.0012
