Unnamed: 0,Omega,Tolerance,Step Size Rule,Iterations,Converged?,Gap LR,Gap Naive,Obj. Naive,Obj. LR (UB),"Obj. LR (LB),",Gap,Time Naive,Time LR,Final Lambda,LB Heuristic,BBP,Best iter,Lambda best iter,Gamma best iter,Obj. LR,Time,QP,IR,AP
0,900.0,0.01,1.0,2.0,0.0,0.49068,0.54244,4367.56635,9739.61801,4592.76862,0.49068,4202.0,4204.0,85.95167,4960.60836,0.0,1.0,96.39167,9.0,,,-4499.244,-4960.60836,-4419.14872
1,900.0,0.01,2.0,3.0,0.0,0.49068,0.54244,4367.56635,9739.61801,4592.76862,0.49068,4202.0,4223.0,0.0,4960.60836,0.0,1.0,96.39167,9.0,,,-4499.244,-4960.60836,-4419.14872
2,900.0,0.01,3.0,2.0,0.0,0.49068,0.54244,4367.56635,9739.61801,4592.76862,0.49068,4202.0,4204.0,755.64167,4960.60836,0.0,1.0,96.39167,9.0,,,-4499.244,-4960.60836,-4419.14872
3,900.0,0.01,4.0,2.0,0.0,0.49068,0.54244,4367.56635,9739.61801,4592.76862,0.49068,4202.0,4208.0,717.42381,4960.60836,0.0,1.0,96.39167,9.0,,,-4499.244,-4960.60836,-4419.14872
4,900.0,0.01,5.0,3.0,0.0,0.49068,0.54244,4367.56635,9739.61801,4592.76862,0.49068,4202.0,4220.0,50.0,4960.60836,0.0,1.0,96.39167,9.0,,,-4499.244,-4960.60836,-4419.14872
5,900.0,0.01,6.0,3.0,0.0,0.49068,0.54244,4367.56635,9739.61801,4592.76862,0.49068,4202.0,4218.0,0.0,4960.60836,0.0,1.0,96.39167,9.0,,,-4499.244,-4960.60836,-4419.14872
0,900.0,0.01,1.0,2.0,0.0,0.48463,0.53625,4368.75229,9613.12192,4774.89971,0.48463,4202.0,4205.0,85.89,4954.31453,0.0,1.0,96.33,9.0,,,-4381.227,-4954.31453,-4542.01026
1,900.0,0.01,2.0,3.0,0.0,0.48463,0.53625,4368.75229,9613.12192,4774.89971,0.48463,4202.0,4218.0,0.0,4954.31453,0.0,1.0,96.33,9.0,,,-4381.227,-4954.31453,-4542.01026
2,900.0,0.01,3.0,2.0,0.0,0.48463,0.53625,4368.75229,9613.12192,4774.89971,0.48463,4202.0,4204.0,755.58,4954.31453,0.0,1.0,96.33,9.0,,,-4381.227,-4954.31453,-4542.01026
3,900.0,0.01,4.0,2.0,0.0,0.48463,0.53625,4368.75229,9613.12192,4774.89971,0.48463,4202.0,4206.0,717.36214,4954.31453,0.0,1.0,96.33,9.0,,,-4381.227,-4954.31453,-4542.01026
4,900.0,0.01,5.0,3.0,0.0,0.48463,0.53625,4368.75229,9613.12192,4774.89971,0.48463,4202.0,4218.0,50.0,4954.31453,0.0,1.0,96.33,9.0,,,-4381.227,-4954.31453,-4542.01026
5,900.0,0.01,6.0,3.0,0.0,0.48463,0.53625,4368.75229,9613.12192,4774.89971,0.48463,4202.0,4217.0,0.0,4954.31453,0.0,1.0,96.33,9.0,,,-4381.227,-4954.31453,-4542.01026
0,900.0,0.01,1.0,2.0,0.0,0.487,0.53007,4485.23901,9739.3258,5126.84185,0.487,4202.0,4204.0,85.91987,4996.31586,0.0,1.0,96.35987,9.0,,,-4588.343,-4996.31586,-4572.77211
1,900.0,0.01,2.0,3.0,0.0,0.487,0.53007,4485.23901,9739.3258,5126.84185,0.487,4202.0,4217.0,0.0,4996.31586,0.0,1.0,96.35987,9.0,,,-4588.343,-4996.31586,-4572.77211
2,900.0,0.01,3.0,2.0,0.0,0.487,0.53007,4485.23901,9739.3258,5126.84185,0.487,4202.0,4203.0,755.60987,4996.31586,0.0,1.0,96.35987,9.0,,,-4588.343,-4996.31586,-4572.77211
3,900.0,0.01,4.0,2.0,0.0,0.487,0.53007,4485.23901,9739.3258,5126.84185,0.487,4202.0,4203.0,717.39201,4996.31586,0.0,1.0,96.35987,9.0,,,-4588.343,-4996.31586,-4572.77211
4,900.0,0.01,5.0,3.0,0.0,0.487,0.53007,4485.23901,9739.3258,5126.84185,0.487,4202.0,4217.0,50.0,4996.31586,0.0,1.0,96.35987,9.0,,,-4588.343,-4996.31586,-4572.77211
5,900.0,0.01,6.0,3.0,0.0,0.487,0.53007,4485.23901,9739.3258,5126.84185,0.487,4202.0,4215.0,0.0,4996.31586,0.0,1.0,96.35987,9.0,,,-4588.343,-4996.31586,-4572.77211
0,900.0,0.01,1.0,2.0,0.0,0.4824,0.54438,4378.71815,9797.84295,4911.91186,0.4824,4202.0,4205.0,86.63456,5071.32364,0.0,1.0,97.07456,9.0,,,-4528.725,-5071.32364,-4578.40899
1,900.0,0.01,2.0,3.0,0.0,0.4824,0.54438,4378.71815,9797.84295,4911.91186,0.4824,4202.0,4216.0,0.0,5071.32364,0.0,1.0,97.07456,9.0,,,-4528.725,-5071.32364,-4578.40899
2,900.0,0.01,3.0,2.0,0.0,0.4824,0.54438,4378.71815,9797.84295,4911.91186,0.4824,4202.0,4203.0,756.32456,5071.32364,0.0,1.0,97.07456,9.0,,,-4528.725,-5071.32364,-4578.40899
3,900.0,0.01,4.0,2.0,0.0,0.48182,0.54438,4378.71815,9786.72797,4911.91186,0.48182,4202.0,4203.0,718.1067,5071.32364,0.0,1.0,97.07456,9.0,,,-4528.725,-5071.32364,-4578.40899
4,900.0,0.01,5.0,3.0,0.0,0.4824,0.54438,4378.71815,9797.84295,4911.91186,0.4824,4202.0,4217.0,50.0,5071.32364,0.0,1.0,97.07456,9.0,,,-4528.725,-5071.32364,-4578.40899
5,900.0,0.01,6.0,3.0,0.0,0.4824,0.54438,4378.71815,9797.84295,4911.91186,0.4824,4202.0,4219.0,0.0,5071.32364,0.0,1.0,97.07456,9.0,,,-4528.725,-5071.32364,-4578.40899
0,900.0,0.01,1.0,2.0,0.0,0.48632,0.52994,4551.25547,9870.16734,4997.92317,0.48632,4202.0,4202.0,85.87275,5070.14048,0.0,1.0,96.31275,9.0,,,-4721.817,-5070.14048,-4559.58199
1,900.0,0.01,2.0,3.0,0.0,0.48632,0.52994,4551.25547,9870.16734,4997.92317,0.48632,4202.0,4215.0,0.0,5070.14048,0.0,1.0,96.31275,9.0,,,-4721.817,-5070.14048,-4559.58199
2,900.0,0.01,3.0,2.0,0.0,0.48632,0.52994,4551.25547,9870.16734,4997.92317,0.48632,4202.0,4203.0,755.56275,5070.14048,0.0,1.0,96.31275,9.0,,,-4721.817,-5070.14048,-4559.58199
3,900.0,0.01,4.0,2.0,0.0,0.48632,0.52994,4551.25547,9870.16734,4997.92317,0.48632,4202.0,4205.0,717.34489,5070.14048,0.0,1.0,96.31275,9.0,,,-4721.817,-5070.14048,-4559.58199
4,900.0,0.01,5.0,3.0,0.0,0.48632,0.52994,4551.25547,9870.16734,4997.92317,0.48632,4202.0,4218.0,50.0,5070.14048,0.0,1.0,96.31275,9.0,,,-4721.817,-5070.14048,-4559.58199
5,900.0,0.01,6.0,3.0,0.0,0.48632,0.52994,4551.25547,9870.16734,4997.92317,0.48632,4202.0,4217.0,0.0,5070.14048,0.0,1.0,96.31275,9.0,,,-4721.817,-5070.14048,-4559.58199
0,900.0,0.01,1.0,2.0,0.0,0.48903,0.53476,4418.2955,9686.51711,5119.76325,0.48903,4202.0,4204.0,86.36641,4949.48692,0.0,1.0,96.80641,9.0,,,-4623.972,-4949.48692,-4334.32387
1,900.0,0.01,2.0,3.0,0.0,0.48903,0.53476,4418.2955,9686.51711,5119.76325,0.48903,4202.0,4215.0,0.0,4949.48692,0.0,1.0,96.80641,9.0,,,-4623.972,-4949.48692,-4334.32387
2,900.0,0.01,3.0,2.0,0.0,0.48903,0.53476,4418.2955,9686.51711,5119.76325,0.48903,4202.0,4202.0,756.05641,4949.48692,0.0,1.0,96.80641,9.0,,,-4623.972,-4949.48692,-4334.32387
3,900.0,0.01,4.0,2.0,0.0,0.48903,0.53476,4418.2955,9686.51711,5119.76325,0.48903,4202.0,4208.0,717.83855,4949.48692,0.0,1.0,96.80641,9.0,,,-4623.972,-4949.48692,-4334.32387
4,900.0,0.01,5.0,3.0,0.0,0.48903,0.53476,4418.2955,9686.51711,5119.76325,0.48903,4202.0,4217.0,50.0,4949.48692,0.0,1.0,96.80641,9.0,,,-4623.972,-4949.48692,-4334.32387
5,900.0,0.01,6.0,3.0,0.0,0.48903,0.53476,4418.2955,9686.51711,5119.76325,0.48903,4202.0,4215.0,0.0,4949.48692,0.0,1.0,96.80641,9.0,,,-4623.972,-4949.48692,-4334.32387
0,900.0,0.01,1.0,2.0,0.0,0.49478,0.54939,4235.25397,9550.52053,4859.60315,0.49478,4202.0,4203.0,85.88155,4825.13125,0.0,1.0,96.32155,9.0,,,-4453.959,-4825.13125,-4313.15204
1,900.0,0.01,2.0,3.0,0.0,0.49478,0.54939,4235.25397,9550.52053,4859.60315,0.49478,4202.0,4218.0,0.0,4825.13125,0.0,1.0,96.32155,9.0,,,-4453.959,-4825.13125,-4313.15204
2,900.0,0.01,3.0,2.0,0.0,0.49478,0.54939,4235.25397,9550.52053,4859.60315,0.49478,4202.0,4203.0,755.57155,4825.13125,0.0,1.0,96.32155,9.0,,,-4453.959,-4825.13125,-4313.15204
3,900.0,0.01,4.0,2.0,0.0,0.49478,0.54939,4235.25397,9550.52053,4859.60315,0.49478,4202.0,4205.0,717.35369,4825.13125,0.0,1.0,96.32155,9.0,,,-4453.959,-4825.13125,-4313.15204
4,900.0,0.01,5.0,3.0,0.0,0.49478,0.54939,4235.25397,9550.52053,4859.60315,0.49478,4202.0,4215.0,50.0,4825.13125,0.0,1.0,96.32155,9.0,,,-4453.959,-4825.13125,-4313.15204
5,900.0,0.01,6.0,3.0,0.0,0.49478,0.54939,4235.25397,9550.52053,4859.60315,0.49478,4202.0,4217.0,0.0,4825.13125,0.0,1.0,96.32155,9.0,,,-4453.959,-4825.13125,-4313.15204
0,900.0,0.01,1.0,2.0,0.0,0.47939,0.5252,4554.11518,9781.35432,5008.46788,0.47939,4202.0,4206.0,85.3155,5092.22375,0.0,1.0,95.7555,9.0,,,-4578.747,-5092.22375,-4608.60309
1,900.0,0.01,2.0,3.0,0.0,0.47939,0.5252,4554.11518,9781.35432,5008.46788,0.47939,4202.0,4216.0,0.0,5092.22375,0.0,1.0,95.7555,9.0,,,-4578.747,-5092.22375,-4608.60309
2,900.0,0.01,3.0,2.0,0.0,0.47883,0.5252,4554.11518,9770.83249,5122.36819,0.47883,4202.0,4206.0,755.0055,5092.22375,0.0,1.0,95.7555,9.0,,,-4578.747,-5092.22375,-4608.60309
3,900.0,0.01,4.0,2.0,0.0,0.47939,0.5252,4554.11518,9781.35432,5008.46788,0.47939,4202.0,4202.0,716.78764,5092.22375,0.0,1.0,95.7555,9.0,,,-4578.747,-5092.22375,-4608.60309
4,900.0,0.01,5.0,3.0,0.0,0.47939,0.5252,4554.11518,9781.35432,5008.46788,0.47939,4202.0,4217.0,50.0,5092.22375,0.0,1.0,95.7555,9.0,,,-4578.747,-5092.22375,-4608.60309
5,900.0,0.01,6.0,3.0,0.0,0.47883,0.5252,4554.11518,9770.83249,5122.36819,0.47883,4202.0,4217.0,0.0,5092.22375,0.0,1.0,95.7555,9.0,,,-4578.747,-5092.22375,-4608.60309
0,900.0,0.01,1.0,2.0,0.0,0.49787,0.53128,4434.95016,9656.62418,4930.33565,0.49787,4203.0,4204.0,87.05609,4848.91681,0.0,1.0,97.49609,9.0,,,-4527.056,-4848.91681,-4465.91132
1,900.0,0.01,2.0,3.0,0.0,0.49787,0.53128,4434.95016,9656.62418,4930.33565,0.49787,4203.0,4218.0,0.0,4848.91681,0.0,1.0,97.49609,9.0,,,-4527.056,-4848.91681,-4465.91132
2,900.0,0.01,3.0,2.0,0.0,0.4976,0.53128,4434.95016,9651.55246,4930.33565,0.4976,4203.0,4207.0,756.74609,4848.91681,0.0,1.0,97.49609,9.0,,,-4527.056,-4848.91681,-4465.91132
3,900.0,0.01,4.0,2.0,0.0,0.49787,0.53128,4434.95016,9656.62418,4930.33565,0.49787,4203.0,4203.0,718.52823,4848.91681,0.0,1.0,97.49609,9.0,,,-4527.056,-4848.91681,-4465.91132
4,900.0,0.01,5.0,3.0,0.0,0.49787,0.53128,4434.95016,9656.62418,4930.33565,0.49787,4203.0,4219.0,50.0,4848.91681,0.0,1.0,97.49609,9.0,,,-4527.056,-4848.91681,-4465.91132
5,900.0,0.01,6.0,3.0,0.0,0.4976,0.53128,4434.95016,9651.55246,4930.33565,0.4976,4203.0,4223.0,0.0,4848.91681,0.0,1.0,97.49609,9.0,,,-4527.056,-4848.91681,-4465.91132
0,900.0,0.01,1.0,2.0,0.0,0.4842,0.52538,4512.63358,9693.51605,4835.45178,0.4842,4202.0,4203.0,86.58374,4999.88481,0.0,1.0,97.02374,9.0,,,-4708.916,-4999.88481,-4475.51604
1,900.0,0.01,2.0,3.0,0.0,0.4842,0.52538,4512.63358,9693.51605,4809.89622,0.4842,4202.0,4215.0,0.0,4999.88481,0.0,1.0,97.02374,9.0,,,-4708.916,-4999.88481,-4475.51604
2,900.0,0.01,3.0,2.0,0.0,0.4842,0.52538,4512.63358,9693.51605,4835.45178,0.4842,4202.0,4204.0,756.27374,4999.88481,0.0,1.0,97.02374,9.0,,,-4708.916,-4999.88481,-4475.51604
3,900.0,0.01,4.0,2.0,0.0,0.4842,0.52538,4512.63358,9693.51605,4835.45178,0.4842,4202.0,4203.0,718.05589,4999.88481,0.0,1.0,97.02374,9.0,,,-4708.916,-4999.88481,-4475.51604
4,900.0,0.01,5.0,3.0,0.0,0.4842,0.52538,4512.63358,9693.51605,4835.45178,0.4842,4202.0,4215.0,50.0,4999.88481,0.0,1.0,97.02374,9.0,,,-4708.916,-4999.88481,-4475.51604
5,900.0,0.01,6.0,3.0,0.0,0.48468,0.52538,4512.63358,9702.39552,4809.89622,0.48468,4202.0,4219.0,0.0,4999.88481,0.0,1.0,97.02374,9.0,,,-4708.916,-4999.88481,-4475.51604
0,900.0,0.01,1.0,2.0,0.0,0.49372,0.5445,4353.3174,9736.74179,4794.81569,0.49372,4202.0,4204.0,85.83768,4929.52986,0.0,1.0,96.27768,9.0,,,-4514.784,-4929.52986,-4406.02065
1,900.0,0.01,2.0,3.0,0.0,0.49397,0.5445,4353.3174,9741.66974,4794.81569,0.49397,4202.0,4216.0,0.0,4929.52986,0.0,1.0,96.27768,9.0,,,-4514.784,-4929.52986,-4406.02065
2,900.0,0.01,3.0,2.0,0.0,0.49372,0.5445,4353.3174,9736.74179,4794.81569,0.49372,4202.0,4210.0,755.52768,4929.52986,0.0,1.0,96.27768,9.0,,,-4514.784,-4929.52986,-4406.02065
3,900.0,0.01,4.0,2.0,0.0,0.49397,0.5445,4353.3174,9741.66974,4794.81569,0.49397,4202.0,4204.0,717.30982,4929.52986,0.0,1.0,96.27768,9.0,,,-4514.784,-4929.52986,-4406.02065
4,900.0,0.01,5.0,3.0,0.0,0.49397,0.5445,4353.3174,9741.66974,4794.81569,0.49397,4202.0,4216.0,50.0,4929.52986,0.0,1.0,96.27768,9.0,,,-4514.784,-4929.52986,-4406.02065
5,900.0,0.01,6.0,3.0,0.0,0.49397,0.5445,4353.3174,9741.66974,4794.81569,0.49397,4202.0,4217.0,0.0,4929.52986,0.0,1.0,96.27768,9.0,,,-4514.784,-4929.52986,-4406.02065
0,900.0,0.01,1.0,2.0,0.0,0.48318,0.53779,4437.40302,9777.81155,5126.1504,0.48318,4202.0,4202.0,85.93053,5053.36459,0.0,1.0,96.37053,9.0,,,-4518.439,-5053.36459,-4540.45715
1,900.0,0.01,2.0,3.0,0.0,0.48318,0.53779,4437.40302,9777.81155,5126.1504,0.48318,4202.0,4217.0,0.0,5053.36459,0.0,1.0,96.37053,9.0,,,-4518.439,-5053.36459,-4540.45715
2,900.0,0.01,3.0,2.0,0.0,0.48318,0.53779,4437.40302,9777.81155,5126.1504,0.48318,4202.0,4203.0,755.62053,5053.36459,0.0,1.0,96.37053,9.0,,,-4518.439,-5053.36459,-4540.45715
3,900.0,0.01,4.0,2.0,0.0,0.48318,0.53779,4437.40302,9777.81155,5126.1504,0.48318,4202.0,4205.0,717.40267,5053.36459,0.0,1.0,96.37053,9.0,,,-4518.439,-5053.36459,-4540.45715
4,900.0,0.01,5.0,3.0,0.0,0.48318,0.53779,4437.40302,9777.81155,5126.1504,0.48318,4202.0,4216.0,50.0,5053.36459,0.0,1.0,96.37053,9.0,,,-4518.439,-5053.36459,-4540.45715
5,900.0,0.01,6.0,3.0,0.0,0.48318,0.53779,4437.40302,9777.81155,5126.1504,0.48318,4202.0,4217.0,0.0,5053.36459,0.0,1.0,96.37053,9.0,,,-4518.439,-5053.36459,-4540.45715
0,900.0,0.01,1.0,2.0,0.0,0.47768,0.51655,4621.53601,9749.49964,4994.24264,0.47768,4202.0,4203.0,86.44028,5092.31575,0.0,1.0,96.88028,9.0,,,-4681.072,-5092.31575,-4528.38293
1,900.0,0.01,2.0,3.0,0.0,0.47768,0.51655,4621.53601,9749.49964,4994.24264,0.47768,4202.0,4217.0,0.0,5092.31575,0.0,1.0,96.88028,9.0,,,-4681.072,-5092.31575,-4528.38293
2,900.0,0.01,3.0,2.0,0.0,0.47768,0.51655,4621.53601,9749.49964,4994.24264,0.47768,4202.0,4205.0,756.13028,5092.31575,0.0,1.0,96.88028,9.0,,,-4681.072,-5092.31575,-4528.38293
3,900.0,0.01,4.0,2.0,0.0,0.47768,0.51655,4621.53601,9749.49964,4994.24264,0.47768,4202.0,4204.0,717.91242,5092.31575,0.0,1.0,96.88028,9.0,,,-4681.072,-5092.31575,-4528.38293
4,900.0,0.01,5.0,3.0,0.0,0.47768,0.51655,4621.53601,9749.49964,4994.24264,0.47768,4202.0,4218.0,50.0,5092.31575,0.0,1.0,96.88028,9.0,,,-4681.072,-5092.31575,-4528.38293
5,900.0,0.01,6.0,3.0,0.0,0.47768,0.51655,4621.53601,9749.49964,4994.24264,0.47768,4202.0,4217.0,0.0,5092.31575,0.0,1.0,96.88028,9.0,,,-4681.072,-5092.31575,-4528.38293
0,900.0,0.01,1.0,2.0,0.0,0.47701,0.54435,4382.51857,9814.29444,5176.79987,0.47701,4202.0,4203.0,86.70089,5132.75114,0.0,1.0,97.14089,9.0,,,-4649.648,-5132.75114,-4544.37011
1,900.0,0.01,2.0,3.0,0.0,0.47701,0.54435,4382.51857,9814.29444,5176.79987,0.47701,4202.0,4219.0,0.0,5132.75114,0.0,1.0,97.14089,9.0,,,-4649.648,-5132.75114,-4544.37011
2,900.0,0.01,3.0,2.0,0.0,0.47701,0.54435,4382.51857,9814.29444,5176.79987,0.47701,4202.0,4202.0,756.39089,5132.75114,0.0,1.0,97.14089,9.0,,,-4649.648,-5132.75114,-4544.37011
3,900.0,0.01,4.0,2.0,0.0,0.47701,0.54435,4382.51857,9814.29444,5176.79987,0.47701,4202.0,4204.0,718.17303,5132.75114,0.0,1.0,97.14089,9.0,,,-4649.648,-5132.75114,-4544.37011
4,900.0,0.01,5.0,3.0,0.0,0.47701,0.54435,4382.51857,9814.29444,5176.79987,0.47701,4202.0,4218.0,50.0,5132.75114,0.0,1.0,97.14089,9.0,,,-4649.648,-5132.75114,-4544.37011
5,900.0,0.01,6.0,3.0,0.0,0.47701,0.54435,4382.51857,9814.29444,5176.79987,0.47701,4202.0,4216.0,0.0,5132.75114,0.0,1.0,97.14089,9.0,,,-4649.648,-5132.75114,-4544.37011
0,900.0,0.01,1.0,2.0,0.0,0.48262,0.55387,4324.30326,9882.68038,4772.80632,0.48262,4202.0,4203.0,85.14711,5113.0557,0.0,1.0,95.58711,9.0,,,-4652.499,-5113.0557,-4609.92827
1,900.0,0.01,2.0,3.0,0.0,0.48262,0.55387,4324.30326,9882.68038,4772.80632,0.48262,4202.0,4218.0,0.0,5113.0557,0.0,1.0,95.58711,9.0,,,-4652.499,-5113.0557,-4609.92827
2,900.0,0.01,3.0,2.0,0.0,0.48262,0.55387,4324.30326,9882.68038,4772.80632,0.48262,4202.0,4204.0,754.83711,5113.0557,0.0,1.0,95.58711,9.0,,,-4652.499,-5113.0557,-4609.92827
3,900.0,0.01,4.0,2.0,0.0,0.48262,0.55387,4324.30326,9882.68038,4772.80632,0.48262,4202.0,4205.0,716.61925,5113.0557,0.0,1.0,95.58711,9.0,,,-4652.499,-5113.0557,-4609.92827
4,900.0,0.01,5.0,3.0,0.0,0.48262,0.55387,4324.30326,9882.68038,4772.80632,0.48262,4202.0,4217.0,50.0,5113.0557,0.0,1.0,95.58711,9.0,,,-4652.499,-5113.0557,-4609.92827
5,900.0,0.01,6.0,3.0,0.0,0.48262,0.55387,4324.30326,9882.68038,4772.80632,0.48262,4202.0,4216.0,0.0,5113.0557,0.0,1.0,95.58711,9.0,,,-4652.499,-5113.0557,-4609.92827
0,900.0,0.01,1.0,2.0,0.0,0.48154,0.52685,4506.80619,9712.59807,5029.36633,0.48154,4202.0,4202.0,86.20293,5035.59014,0.0,1.0,96.64293,9.0,,,-4525.56,-5035.59014,-4583.81788
1,900.0,0.01,2.0,3.0,0.0,0.48154,0.52685,4506.80619,9712.59807,5029.36633,0.48154,4202.0,4222.0,0.0,5035.59014,0.0,1.0,96.64293,9.0,,,-4525.56,-5035.59014,-4583.81788
2,900.0,0.01,3.0,2.0,0.0,0.48177,0.52685,4506.80619,9716.82299,5029.36633,0.48177,4202.0,4202.0,755.89293,5035.59014,0.0,1.0,96.64293,9.0,,,-4525.56,-5035.59014,-4583.81788
3,900.0,0.01,4.0,2.0,0.0,0.48154,0.52685,4506.80619,9712.59807,5029.36633,0.48154,4202.0,4206.0,717.67507,5035.59014,0.0,1.0,96.64293,9.0,,,-4525.56,-5035.59014,-4583.81788
4,900.0,0.01,5.0,3.0,0.0,0.48154,0.52685,4506.80619,9712.59807,5029.36633,0.48154,4202.0,4221.0,50.0,5035.59014,0.0,1.0,96.64293,9.0,,,-4525.56,-5035.59014,-4583.81788
5,900.0,0.01,6.0,3.0,0.0,0.48154,0.52685,4506.80619,9712.59807,5029.36633,0.48154,4202.0,4219.0,0.0,5035.59014,0.0,1.0,96.64293,9.0,,,-4525.56,-5035.59014,-4583.81788
0,900.0,0.01,1.0,2.0,0.0,0.48277,0.52831,4501.38233,9730.22108,4986.06099,0.48277,4202.0,4204.0,86.12022,5032.80353,0.0,1.0,96.56022,9.0,,,-4674.774,-5032.80353,-4421.89965
1,900.0,0.01,2.0,3.0,0.0,0.48277,0.52831,4501.38233,9730.22108,4986.06099,0.48277,4202.0,4218.0,0.0,5032.80353,0.0,1.0,96.56022,9.0,,,-4674.774,-5032.80353,-4421.89965
2,900.0,0.01,3.0,2.0,0.0,0.48277,0.52831,4501.38233,9730.22108,4986.06099,0.48277,4202.0,4203.0,755.81022,5032.80353,0.0,1.0,96.56022,9.0,,,-4674.774,-5032.80353,-4421.89965
3,900.0,0.01,4.0,2.0,0.0,0.48277,0.52831,4501.38233,9730.22108,4986.06099,0.48277,4202.0,4203.0,717.59236,5032.80353,0.0,1.0,96.56022,9.0,,,-4674.774,-5032.80353,-4421.89965
4,900.0,0.01,5.0,3.0,0.0,0.48277,0.52831,4501.38233,9730.22108,4986.06099,0.48277,4202.0,4215.0,50.0,5032.80353,0.0,1.0,96.56022,9.0,,,-4674.774,-5032.80353,-4421.89965
5,900.0,0.01,6.0,3.0,0.0,0.48277,0.52831,4501.38233,9730.22108,4986.06099,0.48277,4202.0,4215.0,0.0,5032.80353,0.0,1.0,96.56022,9.0,,,-4674.774,-5032.80353,-4421.89965
0,900.0,0.01,1.0,2.0,0.0,0.48952,0.544,4326.13916,9677.65564,4678.21867,0.48952,4202.0,4203.0,86.13984,4940.26642,0.0,1.0,96.57984,9.0,,,-4465.427,-4940.26642,-4452.38748
1,900.0,0.01,2.0,3.0,0.0,0.48952,0.544,4326.13916,9677.65564,4678.21867,0.48952,4202.0,4217.0,0.0,4940.26642,0.0,1.0,96.57984,9.0,,,-4465.427,-4940.26642,-4452.38748
2,900.0,0.01,3.0,2.0,0.0,0.48952,0.544,4326.13916,9677.65564,4678.21867,0.48952,4202.0,4203.0,755.82984,4940.26642,0.0,1.0,96.57984,9.0,,,-4465.427,-4940.26642,-4452.38748
3,900.0,0.01,4.0,2.0,0.0,0.48952,0.544,4326.13916,9677.65564,4678.21867,0.48952,4202.0,4203.0,717.61198,4940.26642,0.0,1.0,96.57984,9.0,,,-4465.427,-4940.26642,-4452.38748
4,900.0,0.01,5.0,3.0,0.0,0.48952,0.544,4326.13916,9677.65564,4678.21867,0.48952,4202.0,4215.0,50.0,4940.26642,0.0,1.0,96.57984,9.0,,,-4465.427,-4940.26642,-4452.38748
5,900.0,0.01,6.0,3.0,0.0,0.48952,0.544,4326.13916,9677.65564,4678.21867,0.48952,4202.0,4215.0,0.0,4940.26642,0.0,1.0,96.57984,9.0,,,-4465.427,-4940.26642,-4452.38748
0,900.0,0.01,1.0,2.0,0.0,0.481,0.5426,4341.22825,9668.30043,4610.77974,0.481,4202.0,4203.0,86.08602,5017.82886,0.0,1.0,96.52602,9.0,,,-4608.236,-5017.82886,-4492.11393
1,900.0,0.01,2.0,3.0,0.0,0.481,0.5426,4341.22825,9668.30043,4610.77974,0.481,4202.0,4216.0,0.0,5017.82886,0.0,1.0,96.52602,9.0,,,-4608.236,-5017.82886,-4492.11393
2,900.0,0.01,3.0,2.0,0.0,0.481,0.5426,4341.22825,9668.30043,4610.77974,0.481,4202.0,4203.0,755.77602,5017.82886,0.0,1.0,96.52602,9.0,,,-4608.236,-5017.82886,-4492.11393
3,900.0,0.01,4.0,2.0,0.0,0.481,0.5426,4341.22825,9668.30043,4610.77974,0.481,4202.0,4204.0,717.55816,5017.82886,0.0,1.0,96.52602,9.0,,,-4608.236,-5017.82886,-4492.11393
4,900.0,0.01,5.0,3.0,0.0,0.481,0.5426,4341.22825,9668.30043,4610.77974,0.481,4202.0,4219.0,50.0,5017.82886,0.0,1.0,96.52602,9.0,,,-4608.236,-5017.82886,-4492.11393
5,900.0,0.01,6.0,3.0,0.0,0.481,0.5426,4341.22825,9668.30043,4610.77974,0.481,4202.0,4216.0,0.0,5017.82886,0.0,1.0,96.52602,9.0,,,-4608.236,-5017.82886,-4492.11393
0,900.0,0.01,1.0,2.0,0.0,0.49118,0.56292,4188.91798,9752.19262,4953.74705,0.49118,4202.0,4207.0,86.58613,4962.14031,0.0,1.0,97.02613,9.0,,,-4658.98,-4962.14031,-4586.23004
1,900.0,0.01,2.0,3.0,0.0,0.49118,0.56292,4188.91798,9752.19262,4953.74705,0.49118,4202.0,4216.0,0.0,4962.14031,0.0,1.0,97.02613,9.0,,,-4658.98,-4962.14031,-4586.23004
2,900.0,0.01,3.0,2.0,0.0,0.49118,0.56292,4188.91798,9752.19262,4953.74705,0.49118,4202.0,4204.0,756.27613,4962.14031,0.0,1.0,97.02613,9.0,,,-4658.98,-4962.14031,-4586.23004
3,900.0,0.01,4.0,2.0,0.0,0.49118,0.56292,4188.91798,9752.19262,4953.74705,0.49118,4202.0,4206.0,718.05828,4962.14031,0.0,1.0,97.02613,9.0,,,-4658.98,-4962.14031,-4586.23004
4,900.0,0.01,5.0,3.0,0.0,0.49118,0.56292,4188.91798,9752.19262,4953.74705,0.49118,4202.0,4217.0,50.0,4962.14031,0.0,1.0,97.02613,9.0,,,-4658.98,-4962.14031,-4586.23004
5,900.0,0.01,6.0,3.0,0.0,0.49118,0.56292,4188.91798,9752.19262,4953.74705,0.49118,4202.0,4218.0,0.0,4962.14031,0.0,1.0,97.02613,9.0,,,-4658.98,-4962.14031,-4586.23004
0,900.0,0.05,1.0,5.0,0.0,0.56952,0.67109,4230.12889,12950.84848,10334.91288,0.56952,4202.0,55012.0,479.80968,5575.05352,0.0,1.0,88.30968,-855.0,,,-4586.544,-5575.05352,-5160.46518
1,900.0,0.05,2.0,5.0,0.0,0.56324,0.67109,4230.12889,12764.6,10334.91288,0.56324,4202.0,55011.0,288.30968,5575.05352,0.0,5.0,88.30968,-855.0,,,-4586.544,-5575.05352,-5160.46518
2,900.0,0.05,3.0,5.0,0.0,0.56952,0.67109,4230.12889,12950.84848,10334.91288,0.56952,4202.0,55010.0,840.77397,5575.05352,0.0,1.0,88.30968,-855.0,,,-4586.544,-5575.05352,-5160.46518
3,900.0,0.05,4.0,5.0,0.0,0.56952,0.67109,4230.12889,12950.84848,10334.91288,0.56952,4202.0,55012.0,842.8845,5575.05352,0.0,1.0,88.30968,-855.0,,,-4586.544,-5575.05352,-5160.46518
4,900.0,0.05,5.0,6.0,0.0,0.56952,0.67109,4230.12889,12950.84848,10334.91288,0.56952,4202.0,55032.0,73.30968,5575.05352,0.0,1.0,88.30968,-855.0,,,-4586.544,-5575.05352,-5160.46518
5,900.0,0.05,6.0,8.0,0.0,0.56401,0.67109,4230.12889,12787.02062,8780.6516,0.56401,4202.0,55039.0,15.55769,5575.05352,0.0,6.0,95.69066,45.0,,,-4586.544,-5575.05352,-5160.46518
0,900.0,0.05,1.0,5.0,0.0,0.56008,0.65851,4342.63716,12797.80971,10792.94331,0.56008,4202.0,55011.0,479.31387,5629.99991,0.0,1.0,87.81387,-855.0,,,-4526.773,-5629.99991,-5291.66479
1,900.0,0.05,2.0,5.0,0.0,0.55384,0.65851,4342.63716,12618.80527,10792.94331,0.55384,4202.0,55007.0,287.81387,5629.99991,0.0,3.0,87.81387,-855.0,,,-4526.773,-5629.99991,-5291.66479
2,900.0,0.05,3.0,5.0,0.0,0.56008,0.65851,4342.63716,12797.80971,10792.94331,0.56008,4202.0,55012.0,840.27816,5629.99991,0.0,1.0,87.81387,-855.0,,,-4526.773,-5629.99991,-5291.66479
3,900.0,0.05,4.0,5.0,0.0,0.56008,0.65851,4342.63716,12797.80971,10792.94331,0.56008,4202.0,55012.0,842.38869,5629.99991,0.0,1.0,87.81387,-855.0,,,-4526.773,-5629.99991,-5291.66479
4,900.0,0.05,5.0,6.0,0.0,0.56008,0.65851,4342.63716,12797.80971,10792.94331,0.56008,4202.0,55031.0,72.81387,5629.99991,0.0,1.0,87.81387,-855.0,,,-4526.773,-5629.99991,-5291.66479
5,900.0,0.05,6.0,10.0,0.0,0.56008,0.65851,4342.63716,12797.80971,10792.94331,0.56008,4202.0,25203.0,85.36628,5629.99991,0.0,1.0,87.81387,-855.0,,,-4526.773,-5629.99991,-5291.66479
0,900.0,0.05,1.0,5.0,0.0,0.5655,0.6495,4500.61253,12922.46715,10631.08493,0.5655,4202.0,55011.0,479.50847,5614.7898,0.0,1.0,88.00847,-855.0,,,-4351.256,-5614.7898,-5279.93612
1,900.0,0.05,2.0,5.0,0.0,0.55969,0.6495,4500.61253,12751.76365,10631.08493,0.55969,4202.0,55008.0,288.00847,5614.7898,0.0,3.0,88.00847,-855.0,,,-4351.256,-5614.7898,-5279.93612
2,900.0,0.05,3.0,5.0,0.0,0.5655,0.6495,4500.61253,12922.46715,10631.08493,0.5655,4202.0,55008.0,840.47275,5614.7898,0.0,1.0,88.00847,-855.0,,,-4351.256,-5614.7898,-5279.93612
3,900.0,0.05,4.0,5.0,0.0,0.5655,0.6495,4500.61253,12922.46715,10631.08493,0.5655,4202.0,55013.0,842.58329,5614.7898,0.0,1.0,88.00847,-855.0,,,-4351.256,-5614.7898,-5279.93612
4,900.0,0.05,5.0,6.0,0.0,0.5655,0.6495,4500.61253,12922.46715,10631.08493,0.5655,4202.0,55033.0,73.00847,5614.7898,0.0,1.0,88.00847,-855.0,,,-4351.256,-5614.7898,-5279.93612
5,900.0,0.05,6.0,10.0,0.0,0.5655,0.6495,4500.61253,12922.46715,10631.08493,0.5655,4202.0,25211.0,85.38687,5614.7898,0.0,1.0,88.00847,-855.0,,,-4351.256,-5614.7898,-5279.93612
0,900.0,0.05,1.0,5.0,0.0,0.56487,0.66089,4379.42252,13001.75344,10640.0343,0.56487,4202.0,55014.0,479.62834,5657.48586,0.0,1.0,88.12834,-855.0,,,-4780.735,-5657.48586,-5210.17495
1,900.0,0.05,2.0,5.0,0.0,0.55853,0.66089,4379.42252,12815.17394,10640.0343,0.55853,4202.0,55011.0,288.12834,5657.48586,0.0,3.0,88.12834,-855.0,,,-4780.735,-5657.48586,-5210.17495
2,900.0,0.05,3.0,5.0,0.0,0.56487,0.66089,4379.42252,13001.75344,10640.0343,0.56487,4202.0,55013.0,840.59262,5657.48586,0.0,1.0,88.12834,-855.0,,,-4780.735,-5657.48586,-5210.17495
3,900.0,0.05,4.0,5.0,0.0,0.56487,0.66089,4379.42252,13001.75344,10640.0343,0.56487,4202.0,55011.0,842.70316,5657.48586,0.0,1.0,88.12834,-855.0,,,-4780.735,-5657.48586,-5210.17495
4,900.0,0.05,5.0,6.0,0.0,0.56487,0.66089,4379.42252,13001.75344,10640.0343,0.56487,4202.0,55034.0,73.12834,5657.48586,0.0,1.0,88.12834,-855.0,,,-4780.735,-5657.48586,-5210.17495
5,900.0,0.05,6.0,10.0,0.0,0.56487,0.66089,4379.42252,13001.75344,10640.0343,0.56487,4202.0,25212.0,85.45862,5657.48586,0.0,1.0,88.12834,-855.0,,,-4780.735,-5657.48586,-5210.17495
0,900.0,0.05,1.0,5.0,0.0,0.56817,0.65007,4542.74735,13058.73899,10705.49064,0.56817,4202.0,55011.0,479.48263,5639.15508,0.0,1.0,87.98263,-855.0,,,-4715.503,-5639.15508,-5385.69156
1,900.0,0.05,2.0,5.0,0.0,0.56265,0.65007,4542.74735,12893.83418,10705.49064,0.56265,4202.0,55009.0,287.98263,5639.15508,0.0,3.0,87.98263,-855.0,,,-4715.503,-5639.15508,-5385.69156
2,900.0,0.05,3.0,5.0,0.0,0.56817,0.65007,4542.74735,13058.73899,10705.49064,0.56817,4202.0,55010.0,840.44691,5639.15508,0.0,1.0,87.98263,-855.0,,,-4715.503,-5639.15508,-5385.69156
3,900.0,0.05,4.0,5.0,0.0,0.56817,0.65007,4542.74735,13058.73899,10705.49064,0.56817,4202.0,55011.0,842.55745,5639.15508,0.0,1.0,87.98263,-855.0,,,-4715.503,-5639.15508,-5385.69156
4,900.0,0.05,5.0,6.0,0.0,0.56817,0.65007,4542.74735,13058.73899,10705.49064,0.56817,4202.0,55032.0,72.98263,5639.15508,0.0,1.0,87.98263,-855.0,,,-4715.503,-5639.15508,-5385.69156
5,900.0,0.05,6.0,10.0,0.0,0.56817,0.65007,4542.74735,13058.73899,10705.49064,0.56817,4202.0,25207.0,85.41604,5639.15508,0.0,1.0,87.98263,-855.0,,,-4715.503,-5639.15508,-5385.69156
0,900.0,0.05,1.0,5.0,0.0,0.57691,0.64596,4540.11717,12904.03291,10331.23636,0.57691,4202.0,55010.0,479.99648,5459.52697,0.0,1.0,88.49648,-855.0,,,-4240.781,-5459.52697,-5083.5039
1,900.0,0.05,2.0,5.0,0.0,0.57096,0.64596,4540.11717,12724.94108,10331.23636,0.57096,4202.0,55007.0,288.49648,5459.52697,0.0,3.0,88.49648,-855.0,,,-4240.781,-5459.52697,-5083.5039
2,900.0,0.05,3.0,5.0,0.0,0.57712,0.64596,4540.11717,12910.44522,10331.23636,0.57712,4202.0,55009.0,840.96077,5459.52697,0.0,1.0,88.49648,-855.0,,,-4240.781,-5459.52697,-5083.5039
3,900.0,0.05,4.0,5.0,0.0,0.57712,0.64596,4540.11717,12910.44522,10331.23636,0.57712,4202.0,55008.0,843.0713,5459.52697,0.0,1.0,88.49648,-855.0,,,-4240.781,-5459.52697,-5083.5039
4,900.0,0.05,5.0,6.0,0.0,0.57712,0.64596,4540.11717,12910.44522,10331.23636,0.57712,4202.0,55034.0,73.49648,5459.52697,0.0,1.0,88.49648,-855.0,,,-4240.781,-5459.52697,-5083.5039
5,900.0,0.05,6.0,10.0,0.0,0.57712,0.64596,4540.11717,12910.44522,10331.23636,0.57712,4202.0,25206.0,85.67144,5459.52697,0.0,1.0,88.49648,-855.0,,,-4240.781,-5459.52697,-5083.5039
0,900.0,0.05,1.0,5.0,0.0,0.57669,0.67486,4115.14071,12751.11273,10443.26091,0.57669,4202.0,55011.0,479.60884,5397.71552,0.0,1.0,88.10884,-855.0,,,-4619.329,-5397.71552,-5095.18012
1,900.0,0.05,2.0,5.0,0.0,0.57053,0.67486,4115.14071,12568.19364,10443.26091,0.57053,4202.0,55011.0,288.10884,5397.71552,0.0,3.0,88.10884,-855.0,,,-4619.329,-5397.71552,-5095.18012
2,900.0,0.05,3.0,5.0,0.0,0.57669,0.67486,4115.14071,12751.11273,10443.26091,0.57669,4202.0,55008.0,840.57312,5397.71552,0.0,1.0,88.10884,-855.0,,,-4619.329,-5397.71552,-5095.18012
3,900.0,0.05,4.0,5.0,0.0,0.57669,0.67486,4115.14071,12751.11273,10443.26091,0.57669,4202.0,55010.0,842.68366,5397.71552,0.0,1.0,88.10884,-855.0,,,-4619.329,-5397.71552,-5095.18012
4,900.0,0.05,5.0,6.0,0.0,0.57669,0.67486,4115.14071,12751.11273,10443.26091,0.57669,4202.0,55034.0,73.10884,5397.71552,0.0,1.0,88.10884,-855.0,,,-4619.329,-5397.71552,-5095.18012
5,900.0,0.05,6.0,10.0,0.0,0.57669,0.67486,4115.14071,12751.11273,10443.26091,0.57669,4202.0,25199.0,85.50696,5397.71552,0.0,1.0,88.10884,-855.0,,,-4619.329,-5397.71552,-5095.18012
0,900.0,0.05,1.0,5.0,0.0,0.56361,0.66571,4315.34442,12977.98104,10636.83456,0.56361,4202.0,55010.0,479.62268,5663.52047,0.0,1.0,88.12268,-855.0,,,-4497.04,-5663.52047,-5313.29506
1,900.0,0.05,2.0,5.0,0.0,0.55789,0.66571,4315.34442,12810.2701,10636.83456,0.55789,4202.0,55013.0,288.12268,5663.52047,0.0,3.0,88.12268,-855.0,,,-4497.04,-5663.52047,-5313.29506
2,900.0,0.05,3.0,5.0,0.0,0.56361,0.66571,4315.34442,12977.98104,10636.83456,0.56361,4202.0,55009.0,840.58697,5663.52047,0.0,1.0,88.12268,-855.0,,,-4497.04,-5663.52047,-5313.29506
3,900.0,0.05,4.0,5.0,0.0,0.56361,0.66571,4315.34442,12977.98104,10636.83456,0.56361,4202.0,55011.0,842.6975,5663.52047,0.0,1.0,88.12268,-855.0,,,-4497.04,-5663.52047,-5313.29506
4,900.0,0.05,5.0,6.0,0.0,0.56361,0.66571,4315.34442,12977.98104,10636.83456,0.56361,4202.0,55040.0,73.12268,5663.52047,0.0,1.0,88.12268,-855.0,,,-4497.04,-5663.52047,-5313.29506
5,900.0,0.05,6.0,10.0,0.0,0.56361,0.66571,4315.34442,12977.98104,10636.83456,0.56361,4202.0,25195.0,85.44393,5663.52047,0.0,1.0,88.12268,-855.0,,,-4497.04,-5663.52047,-5313.29506
0,900.0,0.05,1.0,5.0,0.0,0.57364,0.65528,4400.46598,12838.1465,10502.4306,0.57364,4202.0,55012.0,479.58113,5473.68947,0.0,1.0,88.08113,-855.0,,,-4537.708,-5473.68947,-5054.84406
1,900.0,0.05,2.0,5.0,0.0,0.56745,0.65528,4400.46598,12654.35839,10510.29753,0.56745,4202.0,55013.0,288.08113,5473.68947,0.0,3.0,88.08113,-855.0,,,-4537.708,-5473.68947,-5054.84406
2,900.0,0.05,3.0,5.0,0.0,0.57364,0.65528,4400.46598,12838.1465,10502.4306,0.57364,4202.0,55010.0,840.54542,5473.68947,0.0,1.0,88.08113,-855.0,,,-4537.708,-5473.68947,-5054.84406
3,900.0,0.05,4.0,5.0,0.0,0.57364,0.65528,4400.46598,12838.1465,10502.4306,0.57364,4202.0,55009.0,842.65596,5473.68947,0.0,1.0,88.08113,-855.0,,,-4537.708,-5473.68947,-5054.84406
4,900.0,0.05,5.0,6.0,0.0,0.57364,0.65528,4400.46598,12838.1465,10502.4306,0.57364,4202.0,55039.0,73.08113,5473.68947,0.0,1.0,88.08113,-855.0,,,-4537.708,-5473.68947,-5054.84406
5,900.0,0.05,6.0,10.0,0.0,0.57364,0.65528,4400.46598,12838.1465,10502.4306,0.57364,4202.0,25203.0,85.4647,5473.68947,0.0,1.0,88.08113,-855.0,,,-4537.708,-5473.68947,-5054.84406
0,900.0,0.05,1.0,5.0,0.0,0.5703,0.66968,4236.41409,12901.21897,10558.07351,0.5703,4202.0,55010.0,479.56825,5543.69213,0.0,1.0,88.06825,-855.0,,,-4370.473,-5543.69213,-5049.49234
1,900.0,0.05,2.0,5.0,0.0,0.56448,0.66968,4236.41409,12728.93699,10558.07351,0.56448,4202.0,55014.0,288.06825,5543.69213,0.0,3.0,88.06825,-855.0,,,-4370.473,-5543.69213,-5049.49234
2,900.0,0.05,3.0,5.0,0.0,0.57011,0.66968,4236.41409,12895.55641,10558.07351,0.57011,4202.0,55011.0,840.53254,5543.69213,0.0,1.0,88.06825,-855.0,,,-4370.473,-5543.69213,-5049.49234
3,900.0,0.05,4.0,5.0,0.0,0.5703,0.66968,4236.41409,12901.21897,10558.07351,0.5703,4202.0,55014.0,842.64307,5543.69213,0.0,1.0,88.06825,-855.0,,,-4370.473,-5543.69213,-5049.49234
4,900.0,0.05,5.0,6.0,0.0,0.5703,0.66968,4236.41409,12901.21897,10558.07351,0.5703,4202.0,55038.0,73.06825,5543.69213,0.0,1.0,88.06825,-855.0,,,-4370.473,-5543.69213,-5049.49234
5,900.0,0.05,6.0,10.0,0.0,0.5703,0.66968,4236.41409,12901.21897,10558.07351,0.5703,4202.0,25196.0,85.43822,5543.69213,0.0,1.0,88.06825,-855.0,,,-4370.473,-5543.69213,-5049.49234
0,900.0,0.05,1.0,5.0,0.0,0.56717,0.67465,4185.59952,12931.5442,10757.1093,0.56717,4202.0,55009.0,479.48389,5597.17258,0.0,1.0,87.98389,-855.0,,,-4632.157,-5597.17258,-5011.41418
1,900.0,0.05,2.0,5.0,0.0,0.56136,0.67465,4185.59952,12760.30233,10757.1093,0.56136,4202.0,55010.0,287.98389,5597.17258,0.0,3.0,87.98389,-855.0,,,-4632.157,-5597.17258,-5011.41418
2,900.0,0.05,3.0,5.0,0.0,0.56698,0.67465,4185.59952,12925.86614,10757.1093,0.56698,4202.0,55008.0,840.44817,5597.17258,0.0,1.0,87.98389,-855.0,,,-4632.157,-5597.17258,-5011.41418
3,900.0,0.05,4.0,5.0,0.0,0.56717,0.67465,4185.59952,12931.5442,10757.1093,0.56717,4202.0,55009.0,842.55871,5597.17258,0.0,1.0,87.98389,-855.0,,,-4632.157,-5597.17258,-5011.41418
4,900.0,0.05,5.0,6.0,0.0,0.56717,0.67465,4185.59952,12931.5442,10757.1093,0.56717,4202.0,55036.0,72.98389,5597.17258,0.0,1.0,87.98389,-855.0,,,-4632.157,-5597.17258,-5011.41418
5,900.0,0.05,6.0,10.0,0.0,0.56717,0.67465,4185.59952,12931.5442,10757.1093,0.56717,4202.0,25198.0,85.51485,5597.17258,0.0,1.0,87.98389,-855.0,,,-4632.157,-5597.17258,-5011.41418
0,900.0,0.05,1.0,5.0,0.0,0.56701,0.66478,4327.06057,12975.9514,10658.68473,0.56701,4202.0,55012.0,479.56023,5618.44558,0.0,1.0,88.06023,-855.0,,,-4837.687,-5618.44558,-5186.0869
1,900.0,0.05,2.0,5.0,0.0,0.56156,0.66478,4327.06057,12814.52005,10658.68473,0.56156,4202.0,55012.0,288.06023,5618.44558,0.0,3.0,88.06023,-855.0,,,-4837.687,-5618.44558,-5186.0869
2,900.0,0.05,3.0,5.0,0.0,0.56701,0.66478,4327.06057,12975.9514,10658.68473,0.56701,4202.0,55014.0,840.52452,5618.44558,0.0,1.0,88.06023,-855.0,,,-4837.687,-5618.44558,-5186.0869
3,900.0,0.05,4.0,5.0,0.0,0.56701,0.66478,4327.06057,12975.9514,10658.68473,0.56701,4202.0,55015.0,842.63505,5618.44558,0.0,1.0,88.06023,-855.0,,,-4837.687,-5618.44558,-5186.0869
4,900.0,0.05,5.0,6.0,0.0,0.56701,0.66478,4327.06057,12975.9514,10658.68473,0.56701,4202.0,55036.0,73.06023,5618.44558,0.0,1.0,88.06023,-855.0,,,-4837.687,-5618.44558,-5186.0869
5,900.0,0.05,6.0,10.0,0.0,0.56701,0.66478,4327.06057,12975.9514,10658.68473,0.56701,4202.0,25224.0,85.45805,5618.44558,0.0,1.0,88.06023,-855.0,,,-4837.687,-5618.44558,-5186.0869
0,900.0,0.05,1.0,5.0,0.0,0.56366,0.64627,4552.26207,12939.21901,10550.80675,0.56366,4202.0,55011.0,479.65278,5645.91308,0.0,1.0,88.15278,-855.0,,,-4709.263,-5645.91308,-5168.59718
1,900.0,0.05,2.0,5.0,0.0,0.55793,0.64627,4552.26207,12771.48319,10550.80675,0.55793,4202.0,55015.0,288.15278,5645.91308,0.0,3.0,88.15278,-855.0,,,-4709.263,-5645.91308,-5168.59718
2,900.0,0.05,3.0,5.0,0.0,0.56366,0.64627,4552.26207,12939.21901,10550.80675,0.56366,4202.0,55009.0,840.61706,5645.91308,0.0,1.0,88.15278,-855.0,,,-4709.263,-5645.91308,-5168.59718
3,900.0,0.05,4.0,5.0,0.0,0.56366,0.64627,4552.26207,12939.21901,10550.80675,0.56366,4202.0,55012.0,842.7276,5645.91308,0.0,1.0,88.15278,-855.0,,,-4709.263,-5645.91308,-5168.59718
4,900.0,0.05,5.0,6.0,0.0,0.56366,0.64627,4552.26207,12939.21901,10550.80675,0.56366,4202.0,55038.0,73.15278,5645.91308,0.0,1.0,88.15278,-855.0,,,-4709.263,-5645.91308,-5168.59718
5,900.0,0.05,6.0,10.0,0.0,0.56366,0.64627,4552.26207,12939.21901,10550.80675,0.56366,4202.0,25203.0,85.39938,5645.91308,0.0,1.0,88.15278,-855.0,,,-4709.263,-5645.91308,-5168.59718
0,900.0,0.05,1.0,5.0,0.0,0.56655,0.67102,4258.25544,13020.88622,10641.31967,0.56655,4204.0,55014.0,479.50529,5643.89069,0.0,1.0,88.00529,-855.0,,,-4762.766,-5643.89069,-5220.56623
1,900.0,0.05,2.0,5.0,0.0,0.56037,0.67102,4258.25544,12837.69118,10641.31967,0.56037,4204.0,55010.0,288.00529,5643.89069,0.0,3.0,88.00529,-855.0,,,-4762.766,-5643.89069,-5220.56623
2,900.0,0.05,3.0,5.0,0.0,0.56655,0.67102,4258.25544,13020.88622,10641.31967,0.56655,4204.0,55008.0,840.46958,5643.89069,0.0,1.0,88.00529,-855.0,,,-4762.766,-5643.89069,-5220.56623
3,900.0,0.05,4.0,5.0,0.0,0.56655,0.67102,4258.25544,13020.88622,10641.31967,0.56655,4204.0,55022.0,842.58011,5643.89069,0.0,1.0,88.00529,-855.0,,,-4762.766,-5643.89069,-5220.56623
4,900.0,0.05,5.0,6.0,0.0,0.56655,0.67102,4258.25544,13020.88622,10641.31967,0.56655,4204.0,55030.0,73.00529,5643.89069,0.0,1.0,88.00529,-855.0,,,-4762.766,-5643.89069,-5220.56623
5,900.0,0.05,6.0,8.0,0.0,0.56068,0.67102,4258.25544,12846.77785,8903.39793,0.56068,4204.0,55037.0,15.63204,5643.89069,0.0,6.0,95.66412,45.0,,,-4762.766,-5643.89069,-5220.56623
0,900.0,0.05,1.0,5.0,0.0,0.56411,0.67936,4156.83368,13041.60043,10842.21282,0.56411,4202.0,55011.0,479.3447,5684.75441,0.0,1.0,87.8447,-855.0,,,-4218.805,-5684.75441,-5241.55334
1,900.0,0.05,2.0,5.0,0.0,0.55892,0.67936,4156.83368,12888.3797,10842.21282,0.55892,4202.0,55010.0,287.8447,5684.75441,0.0,3.0,87.8447,-855.0,,,-4218.805,-5684.75441,-5241.55334
2,900.0,0.05,3.0,5.0,0.0,0.56411,0.67936,4156.83368,13041.60043,10842.21282,0.56411,4202.0,55009.0,840.30898,5684.75441,0.0,1.0,87.8447,-855.0,,,-4218.805,-5684.75441,-5241.55334
3,900.0,0.05,4.0,5.0,0.0,0.56411,0.67936,4156.83368,13041.60043,10842.21282,0.56411,4202.0,55012.0,842.41952,5684.75441,0.0,1.0,87.8447,-855.0,,,-4218.805,-5684.75441,-5241.55334
4,900.0,0.05,5.0,6.0,0.0,0.56411,0.67936,4156.83368,13041.60043,10842.21282,0.56411,4202.0,55038.0,72.8447,5684.75441,0.0,1.0,87.8447,-855.0,,,-4218.805,-5684.75441,-5241.55334
5,900.0,0.05,6.0,10.0,0.0,0.56411,0.67936,4156.83368,13041.60043,10842.21282,0.56411,4202.0,25225.0,85.38806,5684.75441,0.0,1.0,87.8447,-855.0,,,-4218.805,-5684.75441,-5241.55334
0,900.0,0.05,1.0,5.0,0.0,0.56145,0.65468,4423.11659,12896.40907,10684.1636,0.56145,4202.0,55013.0,479.35006,5655.77752,0.0,1.0,87.85006,-855.0,,,-4645.507,-5655.77752,-5298.13062
1,900.0,0.05,2.0,5.0,0.0,0.55586,0.65468,4423.11659,12734.10202,10684.1636,0.55586,4202.0,55014.0,287.85006,5655.77752,0.0,3.0,87.85006,-855.0,,,-4645.507,-5655.77752,-5298.13062
2,900.0,0.05,3.0,5.0,0.0,0.56145,0.65468,4423.11659,12896.40907,10684.1636,0.56145,4202.0,55012.0,840.31434,5655.77752,0.0,1.0,87.85006,-855.0,,,-4645.507,-5655.77752,-5298.13062
3,900.0,0.05,4.0,5.0,0.0,0.56182,0.65468,4423.11659,12907.55667,10684.1636,0.56182,4202.0,55015.0,842.42488,5655.77752,0.0,1.0,87.85006,-855.0,,,-4645.507,-5655.77752,-5298.13062
4,900.0,0.05,5.0,6.0,0.0,0.56145,0.65468,4423.11659,12896.40907,10684.1636,0.56145,4202.0,55034.0,72.85006,5655.77752,0.0,1.0,87.85006,-855.0,,,-4645.507,-5655.77752,-5298.13062
5,900.0,0.05,6.0,10.0,0.0,0.56145,0.65468,4423.11659,12896.40907,10684.1636,0.56145,4202.0,25230.0,85.25813,5655.77752,0.0,1.0,87.85006,-855.0,,,-4645.507,-5655.77752,-5298.13062
0,900.0,0.05,1.0,5.0,0.0,0.5783,0.65394,4448.96785,12924.47869,10538.6371,0.5783,4202.0,55009.0,479.68605,5450.20336,0.0,1.0,88.18605,-855.0,,,-4799.183,-5450.20336,-5076.61529
1,900.0,0.05,2.0,5.0,0.0,0.57294,0.65394,4448.96785,12762.02986,10538.6371,0.57294,4202.0,55011.0,288.18605,5450.20336,0.0,3.0,88.18605,-855.0,,,-4799.183,-5450.20336,-5076.61529
2,900.0,0.05,3.0,5.0,0.0,0.57871,0.65394,4448.96785,12936.9219,10538.6371,0.57871,4202.0,55010.0,840.65033,5450.20336,0.0,1.0,88.18605,-855.0,,,-4799.183,-5450.20336,-5076.61529
3,900.0,0.05,4.0,5.0,0.0,0.57871,0.65394,4448.96785,12936.9219,10538.6371,0.57871,4202.0,55011.0,842.76087,5450.20336,0.0,1.0,88.18605,-855.0,,,-4799.183,-5450.20336,-5076.61529
4,900.0,0.05,5.0,6.0,0.0,0.57871,0.65394,4448.96785,12936.9219,10538.6371,0.57871,4202.0,55030.0,73.18605,5450.20336,0.0,1.0,88.18605,-855.0,,,-4799.183,-5450.20336,-5076.61529
5,900.0,0.05,6.0,10.0,0.0,0.57871,0.65394,4448.96785,12936.9219,10538.6371,0.57871,4202.0,25202.0,85.62062,5450.20336,0.0,1.0,88.18605,-855.0,,,-4799.183,-5450.20336,-5076.61529
0,900.0,0.05,1.0,5.0,0.0,0.56983,0.66397,4300.67035,12868.23361,10604.19942,0.56983,4202.0,55009.0,479.53876,5535.48797,0.0,1.0,88.03876,-855.0,,,-4686.164,-5535.48797,-5191.35495
1,900.0,0.05,2.0,5.0,0.0,0.56427,0.66397,4300.67035,12703.79694,10604.19942,0.56427,4202.0,55010.0,288.03876,5535.48797,0.0,3.0,88.03876,-855.0,,,-4686.164,-5535.48797,-5191.35495
2,900.0,0.05,3.0,5.0,0.0,0.56983,0.66397,4300.67035,12868.23361,10604.19942,0.56983,4202.0,55010.0,840.50305,5535.48797,0.0,1.0,88.03876,-855.0,,,-4686.164,-5535.48797,-5191.35495
3,900.0,0.05,4.0,5.0,0.0,0.57018,0.66397,4300.67035,12878.71491,10604.19942,0.57018,4202.0,55011.0,842.61358,5535.48797,0.0,1.0,88.03876,-855.0,,,-4686.164,-5535.48797,-5191.35495
4,900.0,0.05,5.0,6.0,0.0,0.56983,0.66397,4300.67035,12868.23361,10604.19942,0.56983,4202.0,55032.0,73.03876,5535.48797,0.0,1.0,88.03876,-855.0,,,-4686.164,-5535.48797,-5191.35495
5,900.0,0.05,6.0,10.0,0.0,0.56983,0.66397,4300.67035,12868.23361,10604.19942,0.56983,4202.0,25195.0,85.46861,5535.48797,0.0,1.0,88.03876,-855.0,,,-4686.164,-5535.48797,-5191.35495
0,900.0,0.05,1.0,5.0,0.0,0.56536,0.6554,4401.22196,12855.47097,10634.01397,0.56536,4202.0,55011.0,479.6305,5587.45447,0.0,1.0,88.1305,-855.0,,,-4848.589,-5587.45447,-5203.76501
1,900.0,0.05,2.0,5.0,0.0,0.55918,0.6554,4401.22196,12675.05058,10634.01397,0.55918,4202.0,55011.0,288.1305,5587.45447,0.0,3.0,88.1305,-855.0,,,-4848.589,-5587.45447,-5203.76501
2,900.0,0.05,3.0,5.0,0.0,0.56536,0.6554,4401.22196,12855.47097,10634.01397,0.56536,4202.0,55013.0,840.59479,5587.45447,0.0,1.0,88.1305,-855.0,,,-4848.589,-5587.45447,-5203.76501
3,900.0,0.05,4.0,5.0,0.0,0.56536,0.6554,4401.22196,12855.47097,10634.01397,0.56536,4202.0,55018.0,842.70533,5587.45447,0.0,1.0,88.1305,-855.0,,,-4848.589,-5587.45447,-5203.76501
4,900.0,0.05,5.0,6.0,0.0,0.56536,0.6554,4401.22196,12855.47097,10634.01397,0.56536,4202.0,55035.0,73.1305,5587.45447,0.0,1.0,88.1305,-855.0,,,-4848.589,-5587.45447,-5203.76501
5,900.0,0.05,6.0,10.0,0.0,0.56536,0.6554,4401.22196,12855.47097,10634.01397,0.56536,4202.0,25197.0,85.52736,5587.45447,0.0,1.0,88.1305,-855.0,,,-4848.589,-5587.45447,-5203.76501
0,900.0,0.05,1.0,5.0,0.0,0.5665,0.65113,4488.43407,12936.65092,10549.88467,0.5665,4202.0,55012.0,479.57854,5608.0648,0.0,1.0,88.07854,-855.0,,,-4488.842,-5608.0648,-5309.66834
1,900.0,0.05,2.0,5.0,0.0,0.56041,0.65113,4488.43407,12757.42744,10549.88467,0.56041,4202.0,55014.0,288.07854,5608.0648,0.0,3.0,88.07854,-855.0,,,-4488.842,-5608.0648,-5309.66834
2,900.0,0.05,3.0,5.0,0.0,0.5665,0.65113,4488.43407,12936.65092,10549.88467,0.5665,4202.0,55014.0,840.54283,5608.0648,0.0,1.0,88.07854,-855.0,,,-4488.842,-5608.0648,-5309.66834
3,900.0,0.05,4.0,5.0,0.0,0.5665,0.65113,4488.43407,12936.65092,10549.88467,0.5665,4202.0,55011.0,842.65336,5608.0648,0.0,1.0,88.07854,-855.0,,,-4488.842,-5608.0648,-5309.66834
4,900.0,0.05,5.0,6.0,0.0,0.5665,0.65113,4488.43407,12936.65092,10549.88467,0.5665,4202.0,55037.0,73.07854,5608.0648,0.0,1.0,88.07854,-855.0,,,-4488.842,-5608.0648,-5309.66834
5,900.0,0.05,6.0,10.0,0.0,0.5665,0.65113,4488.43407,12936.65092,10549.88467,0.5665,4202.0,25197.0,85.37168,5608.0648,0.0,1.0,88.07854,-855.0,,,-4488.842,-5608.0648,-5309.66834
