Unnamed: 0,Omega,Tolerance,Step Size Rule,Iterations,Converged?,Gap LR,Gap Naive,Obj. Naive,Obj. LR,Gap,Time Naive,Time LR,Final Lambda,LB Heuristic,IR,AP
0,900.0,0.01,1.0,2.0,0.0,0.00883,0.12089,236.88926,244.54777,0.00883,4251.0,2380.0,516.78,242.38854,0.0,0.0
1,900.0,0.01,2.0,2.0,0.0,0.00883,0.12089,236.88926,244.54777,0.00883,4251.0,2384.0,0.22447,242.38854,0.0,0.0
2,900.0,0.01,3.0,2.0,0.0,0.00883,0.12089,236.88926,244.54777,0.00883,4251.0,2361.0,668.25,242.38854,0.0,0.0
3,900.0,0.01,4.0,2.0,0.0,0.00883,0.12089,236.88926,244.54777,0.00883,4251.0,2413.0,630.03214,242.38854,0.0,0.0
4,900.0,0.01,5.0,2.0,0.0,0.00883,0.12089,236.88926,244.54777,0.00883,4251.0,2338.0,0.16835,242.38854,0.0,0.0
5,900.0,0.01,6.0,2.0,0.0,0.00883,0.12089,236.88926,244.54777,0.00883,4251.0,4256.0,1.34366,242.38854,0.0,0.0
0,900.0,0.01,1.0,6.0,0.0,0.02941,0.14057,230.97971,247.49253,0.02941,4252.0,2254.0,495.9,240.21258,0.0,0.0
1,900.0,0.01,2.0,3.0,0.0,0.02941,0.14057,230.97971,247.49253,0.02941,4252.0,2741.0,0.44893,240.21258,0.0,0.0
2,900.0,0.01,3.0,8.0,0.0,0.02941,0.14057,230.97971,247.49253,0.02941,4252.0,2253.0,645.41786,240.21258,0.0,0.0
3,900.0,0.01,4.0,5.0,0.0,0.02941,0.14057,230.97971,247.49253,0.02941,4252.0,2251.0,616.31107,240.21258,0.0,0.0
4,900.0,0.01,5.0,3.0,0.0,0.02941,0.14057,230.97971,247.49253,0.02941,4252.0,2537.0,0.28058,240.21258,0.0,0.0
5,900.0,0.01,6.0,3.0,0.0,0.0271,0.14057,230.97971,246.90468,0.0271,4252.0,4307.0,0.0,240.21258,0.0,0.0
0,900.0,0.01,1.0,7.0,0.0,0.01471,0.10678,240.44685,247.65477,0.01471,4249.0,2254.0,490.68,244.01279,0.0,0.0
1,900.0,0.01,2.0,3.0,0.0,0.01471,0.10678,240.44685,247.65477,0.01471,4249.0,2731.0,0.44893,244.01279,0.0,0.0
2,900.0,0.01,3.0,7.0,0.0,0.01471,0.10678,240.44685,247.65477,0.01471,4249.0,2252.0,648.11786,244.01279,0.0,0.0
3,900.0,0.01,4.0,2.0,0.0,0.01518,0.10678,240.44685,247.77315,0.01518,4249.0,2385.0,0.0,244.01279,0.0,0.0
4,900.0,0.01,5.0,3.0,0.0,0.01471,0.10678,240.44685,247.65477,0.01471,4249.0,2714.0,0.28058,244.01279,0.0,0.0
5,900.0,0.01,6.0,2.0,0.0,0.01518,0.10678,240.44685,247.77315,0.01518,4249.0,2381.0,0.0,244.01279,0.0,0.0
0,900.0,0.01,1.0,2.0,0.0,0.03037,1.0,240.67548,248.38182,0.03037,4253.0,2465.0,516.78,240.83862,0.0,0.0
1,900.0,0.01,2.0,2.0,0.0,0.03037,1.0,240.67548,248.38182,0.03037,4253.0,2498.0,0.22447,240.83862,0.0,0.0
2,900.0,0.01,3.0,2.0,0.0,0.03037,1.0,240.67548,248.38182,0.03037,4253.0,2438.0,668.25,240.83862,0.0,0.0
3,900.0,0.01,4.0,2.0,0.0,0.03037,1.0,240.67548,248.38182,0.03037,4253.0,2452.0,630.03214,240.83862,0.0,0.0
4,900.0,0.01,5.0,2.0,0.0,0.03037,1.0,240.67548,248.38182,0.03037,4253.0,2415.0,0.16835,240.83862,0.0,0.0
5,900.0,0.01,6.0,2.0,0.0,0.03037,1.0,240.67548,248.38182,0.03037,4253.0,2582.0,0.57563,240.83862,0.0,0.0
0,900.0,0.01,1.0,2.0,0.0,0.02265,0.10093,242.87275,249.4565,0.02265,4249.0,2364.0,516.78,243.80646,-242.10666,0.0
1,900.0,0.01,2.0,2.0,0.0,0.02265,0.10093,242.87275,249.4565,0.02265,4249.0,2389.0,0.22447,243.80646,-242.10666,0.0
2,900.0,0.01,3.0,2.0,0.0,0.02265,0.10093,242.87275,249.4565,0.02265,4249.0,2357.0,668.25,243.80646,-242.10666,0.0
3,900.0,0.01,4.0,2.0,0.0,0.02265,0.10093,242.87275,249.4565,0.02265,4249.0,2389.0,630.03214,243.80646,-242.10666,0.0
4,900.0,0.01,5.0,2.0,0.0,0.02265,0.10093,242.87275,249.4565,0.02265,4249.0,2355.0,0.16835,243.80646,-242.10666,0.0
5,900.0,0.01,6.0,2.0,0.0,0.02265,0.10093,242.87275,249.4565,0.02265,4249.0,2408.0,0.57214,243.80646,-242.10666,0.0
0,900.0,0.01,1.0,2.0,0.0,0.01949,0.09364,244.56412,251.33151,0.01949,4252.0,2436.0,516.78,246.43198,0.0,0.0
1,900.0,0.01,2.0,2.0,0.0,0.01949,0.09364,244.56412,251.33151,0.01949,4252.0,2450.0,0.22447,246.43198,0.0,0.0
2,900.0,0.01,3.0,2.0,0.0,0.01949,0.09364,244.56412,251.33151,0.01949,4252.0,2386.0,668.25,246.43198,0.0,0.0
3,900.0,0.01,4.0,2.0,0.0,0.01949,0.09364,244.56412,251.33151,0.01949,4252.0,2430.0,630.03214,246.43198,0.0,0.0
4,900.0,0.01,5.0,2.0,0.0,0.01949,0.09364,244.56412,251.33151,0.01949,4252.0,2405.0,0.16835,246.43198,0.0,0.0
5,900.0,0.01,6.0,2.0,0.0,0.01949,0.09364,244.56412,251.33151,0.01949,4252.0,2522.0,0.56496,246.43198,0.0,0.0
0,900.0,0.01,1.0,2.0,0.0,0.02994,0.09515,239.73785,247.14616,0.02994,4252.0,2413.0,516.78,239.7464,0.0,0.0
1,900.0,0.01,2.0,2.0,0.0,0.02994,0.09515,239.73785,247.14616,0.02994,4252.0,2456.0,0.22447,239.7464,0.0,0.0
2,900.0,0.01,3.0,2.0,0.0,0.02994,0.09515,239.73785,247.14616,0.02994,4252.0,2403.0,668.25,239.7464,0.0,0.0
3,900.0,0.01,4.0,2.0,0.0,0.02994,0.09515,239.73785,247.14616,0.02994,4252.0,2421.0,630.03214,239.7464,0.0,0.0
4,900.0,0.01,5.0,2.0,0.0,0.02994,0.09515,239.73785,247.14616,0.02994,4252.0,2399.0,0.16835,239.7464,0.0,0.0
5,900.0,0.01,6.0,2.0,0.0,0.02994,0.09515,239.73785,247.14616,0.02994,4252.0,2491.0,0.57704,239.7464,0.0,0.0
0,900.0,0.01,1.0,2.0,0.0,0.01385,0.16189,226.46315,248.29367,0.01385,4251.0,3253.0,0.0,244.85577,0.0,0.0
1,900.0,0.01,2.0,7.0,0.0,0.01385,0.16189,226.46315,248.29367,0.01385,4251.0,2251.0,67.43591,244.85577,0.0,0.0
2,900.0,0.01,3.0,2.0,0.0,0.01385,0.16189,226.46315,248.29367,0.01385,4251.0,2464.0,0.0,244.85577,0.0,0.0
3,900.0,0.01,4.0,2.0,0.0,0.01385,0.16189,226.46315,248.29367,0.01385,4251.0,2454.0,0.0,244.85577,0.0,0.0
4,900.0,0.01,5.0,10.0,0.0,0.01385,0.16189,226.46315,248.29367,0.01385,4251.0,2265.0,236.4703,244.85577,0.0,0.0
5,900.0,0.01,6.0,2.0,0.0,0.01385,0.16189,226.46315,248.29367,0.01385,4251.0,2335.0,0.0,244.85577,0.0,0.0
0,900.0,0.01,1.0,10.0,0.0,0.02209,0.15307,227.21287,251.94585,0.02209,4248.0,2235.0,475.02,246.38109,0.0,0.0
1,900.0,0.01,2.0,3.0,0.0,0.02209,0.15307,227.21287,251.94585,0.02209,4248.0,2638.0,0.44893,246.38109,0.0,0.0
2,900.0,0.01,3.0,10.0,0.0,0.02209,0.15307,227.21287,251.94585,0.02209,4248.0,2210.0,640.71331,246.38109,0.0,0.0
3,900.0,0.01,4.0,10.0,0.0,0.02209,0.15307,227.21287,251.94585,0.02209,4248.0,2233.0,600.20712,246.38109,0.0,0.0
4,900.0,0.01,5.0,3.0,0.0,0.02209,0.15307,227.21287,251.94585,0.02209,4248.0,2575.0,0.28058,246.38109,0.0,0.0
5,900.0,0.01,6.0,3.0,0.0,0.00941,0.15307,227.21287,248.72244,0.00941,4248.0,4293.0,0.0,246.38109,0.0,0.0
0,900.0,0.01,1.0,2.0,0.0,0.02073,0.09135,243.92143,249.57988,0.02073,4253.0,2472.0,516.78,244.40563,0.0,0.0
1,900.0,0.01,2.0,2.0,0.0,0.02073,0.09135,243.92143,249.57988,0.02073,4253.0,2482.0,0.22447,244.40563,0.0,0.0
2,900.0,0.01,3.0,2.0,0.0,0.02073,0.09135,243.92143,249.57988,0.02073,4253.0,2411.0,668.25,244.40563,0.0,0.0
3,900.0,0.01,4.0,2.0,0.0,0.02073,0.09135,243.92143,249.57988,0.02073,4253.0,2469.0,630.03214,244.40563,0.0,0.0
4,900.0,0.01,5.0,2.0,0.0,0.02073,0.09135,243.92143,249.57988,0.02073,4253.0,2460.0,0.16835,244.40563,0.0,0.0
5,900.0,0.01,6.0,2.0,0.0,0.02073,0.09135,243.92143,249.57988,0.02073,4253.0,2547.0,0.57076,244.40563,0.0,0.0
0,900.0,0.01,1.0,2.0,0.0,0.02682,0.1564,226.40261,250.2483,0.02682,4250.0,2559.0,0.0,243.53603,0.0,0.0
1,900.0,0.01,2.0,4.0,0.0,0.02682,0.1564,226.40261,250.2483,0.02682,4250.0,2251.0,0.83456,243.53603,0.0,0.0
2,900.0,0.01,3.0,2.0,0.0,0.02682,0.1564,226.40261,250.2483,0.02682,4250.0,2269.0,0.0,243.53603,0.0,0.0
3,900.0,0.01,4.0,2.0,0.0,0.02682,0.1564,226.40261,250.2483,0.02682,4250.0,2274.0,0.0,243.53603,0.0,0.0
4,900.0,0.01,5.0,3.0,0.0,0.02629,0.1564,226.40261,250.11184,0.02629,4250.0,3475.0,0.28058,243.53603,0.0,0.0
5,900.0,0.01,6.0,3.0,0.0,0.02542,0.1564,226.40261,249.88827,0.02542,4250.0,4294.0,6.92042,243.53603,0.0,0.0
0,900.0,0.01,1.0,2.0,0.0,0.02539,1.0,243.661,250.78842,0.02539,4252.0,2453.0,516.78,244.42205,0.0,0.0
1,900.0,0.01,2.0,2.0,0.0,0.02539,1.0,243.661,250.78842,0.02539,4252.0,2459.0,0.22447,244.42205,0.0,0.0
2,900.0,0.01,3.0,2.0,0.0,0.02539,1.0,243.661,250.78842,0.02539,4252.0,2413.0,668.25,244.42205,0.0,0.0
3,900.0,0.01,4.0,2.0,0.0,0.02539,1.0,243.661,250.78842,0.02539,4252.0,2461.0,630.03214,244.42205,0.0,0.0
4,900.0,0.01,5.0,2.0,0.0,0.02539,1.0,243.661,250.78842,0.02539,4252.0,2413.0,0.16835,244.42205,0.0,0.0
5,900.0,0.01,6.0,2.0,0.0,0.02539,1.0,243.661,250.78842,0.02539,4252.0,2559.0,0.56564,244.42205,0.0,0.0
0,900.0,0.01,1.0,2.0,0.0,0.01356,0.09674,239.86993,247.36108,0.01356,4249.0,2418.0,516.78,244.00707,0.0,0.0
1,900.0,0.01,2.0,2.0,0.0,0.01356,0.09674,239.86993,247.36108,0.01356,4249.0,2417.0,0.22447,244.00707,0.0,0.0
2,900.0,0.01,3.0,2.0,0.0,0.01356,0.09674,239.86993,247.36108,0.01356,4249.0,2369.0,668.25,244.00707,0.0,0.0
3,900.0,0.01,4.0,2.0,0.0,0.01356,0.09674,239.86993,247.36108,0.01356,4249.0,2405.0,630.03214,244.00707,0.0,0.0
4,900.0,0.01,5.0,2.0,0.0,0.01356,0.09674,239.86993,247.36108,0.01356,4249.0,2342.0,0.16835,244.00707,0.0,0.0
5,900.0,0.01,6.0,2.0,0.0,0.01356,0.09674,239.86993,247.36108,0.01356,4249.0,2682.0,0.47626,244.00707,0.0,0.0
0,900.0,0.01,1.0,2.0,0.0,0.00052,0.08783,244.76446,246.45544,0.00052,4252.0,2400.0,516.78,246.32688,0.0,0.0
1,900.0,0.01,2.0,2.0,0.0,0.00052,0.08783,244.76446,246.45544,0.00052,4252.0,2368.0,0.22447,246.32688,0.0,0.0
2,900.0,0.01,3.0,2.0,0.0,0.00052,0.08783,244.76446,246.45544,0.00052,4252.0,2353.0,668.25,246.32688,0.0,0.0
3,900.0,0.01,4.0,2.0,0.0,0.00052,0.08783,244.76446,246.45544,0.00052,4252.0,2386.0,630.03214,246.32688,0.0,0.0
4,900.0,0.01,5.0,2.0,0.0,0.00052,0.08783,244.76446,246.45544,0.00052,4252.0,2371.0,0.16835,246.32688,0.0,0.0
5,900.0,0.01,6.0,2.0,0.0,0.00052,0.08783,244.76446,246.45544,0.00052,4252.0,4252.0,0.0,246.32688,0.0,0.0
0,900.0,0.01,1.0,2.0,0.0,0.00307,0.10455,240.70778,247.82399,0.00307,4251.0,2397.0,516.78,247.06352,0.0,0.0
1,900.0,0.01,2.0,2.0,0.0,0.00307,0.10455,240.70778,247.82399,0.00307,4251.0,2415.0,0.22447,247.06352,0.0,0.0
2,900.0,0.01,3.0,2.0,0.0,0.00307,0.10455,240.70778,247.82399,0.00307,4251.0,2395.0,668.25,247.06352,0.0,0.0
3,900.0,0.01,4.0,2.0,0.0,0.00307,0.10455,240.70778,247.82399,0.00307,4251.0,2401.0,630.03214,247.06352,0.0,0.0
4,900.0,0.01,5.0,2.0,0.0,0.00307,0.10455,240.70778,247.82399,0.00307,4251.0,2408.0,0.16835,247.06352,0.0,0.0
5,900.0,0.01,6.0,2.0,0.0,0.00307,0.10455,240.70778,247.82399,0.00307,4251.0,4249.0,0.0,247.06352,0.0,0.0
0,900.0,0.01,1.0,2.0,0.0,0.03388,0.10683,239.42438,246.29146,0.02788,4252.0,2402.0,516.78,237.94771,0.0,0.0
1,900.0,0.01,2.0,2.0,0.0,0.03388,0.10683,239.42438,246.29146,0.02788,4252.0,2374.0,0.22447,237.94771,0.0,0.0
2,900.0,0.01,3.0,2.0,0.0,0.03388,0.10683,239.42438,246.29146,0.02788,4252.0,2351.0,668.25,237.94771,0.0,0.0
3,900.0,0.01,4.0,2.0,0.0,0.03388,0.10683,239.42438,246.29146,0.02788,4252.0,2377.0,630.03214,237.94771,0.0,0.0
4,900.0,0.01,5.0,2.0,0.0,0.03388,0.10683,239.42438,246.29146,0.02788,4252.0,2340.0,0.16835,237.94771,0.0,0.0
5,900.0,0.01,6.0,2.0,0.0,0.03388,0.10683,239.42438,246.29146,0.02788,4252.0,2385.0,0.5853,237.94771,0.0,0.0
0,900.0,0.01,1.0,2.0,0.0,0.02367,0.09696,244.13369,250.09219,0.02367,4251.0,2440.0,516.78,244.17348,-242.47377,0.0
1,900.0,0.01,2.0,2.0,0.0,0.02367,0.09696,244.13369,250.09219,0.02367,4251.0,2473.0,0.22447,244.17348,-242.47377,0.0
2,900.0,0.01,3.0,2.0,0.0,0.02367,0.09696,244.13369,250.09219,0.02367,4251.0,2410.0,668.25,244.17348,-242.47377,0.0
3,900.0,0.01,4.0,2.0,0.0,0.02367,0.09696,244.13369,250.09219,0.02367,4251.0,2433.0,630.03214,244.17348,-242.47377,0.0
4,900.0,0.01,5.0,2.0,0.0,0.02367,0.09696,244.13369,250.09219,0.02367,4251.0,2411.0,0.16835,244.17348,-242.47377,0.0
5,900.0,0.01,6.0,2.0,0.0,0.02367,0.09696,244.13369,250.09219,0.02367,4251.0,2535.0,0.56984,244.17348,-242.47377,0.0
0,900.0,0.01,1.0,2.0,0.0,0.01435,0.13264,233.16562,248.31469,0.01435,4250.0,3337.0,0.0,244.75051,0.0,0.0
1,900.0,0.01,2.0,10.0,0.0,0.01435,0.13264,233.16562,248.31469,0.01435,4250.0,2283.0,0.85259,244.75051,0.0,0.0
2,900.0,0.01,3.0,2.0,0.0,0.01435,0.13264,233.16562,248.31469,0.01435,4250.0,2610.0,0.0,244.75051,0.0,0.0
3,900.0,0.01,4.0,2.0,0.0,0.01435,0.13264,233.16562,248.31469,0.01435,4250.0,2678.0,0.0,244.75051,0.0,0.0
4,900.0,0.01,5.0,10.0,0.0,0.01435,0.13264,233.16562,248.31469,0.01435,4250.0,2210.0,236.55364,244.75051,0.0,0.0
5,900.0,0.01,6.0,3.0,0.0,0.01435,0.13264,233.16562,248.31469,0.01435,4250.0,2300.0,0.28393,244.75051,0.0,0.0
0,900.0,0.01,1.0,2.0,0.0,0.02973,0.11281,239.3156,246.74314,0.02973,4249.0,2438.0,516.78,239.40735,0.0,0.0
1,900.0,0.01,2.0,2.0,0.0,0.02973,0.11281,239.3156,246.74314,0.02973,4249.0,2480.0,0.22447,239.40735,0.0,0.0
2,900.0,0.01,3.0,2.0,0.0,0.02973,0.11281,239.3156,246.74314,0.02973,4249.0,2434.0,668.25,239.40735,0.0,0.0
3,900.0,0.01,4.0,2.0,0.0,0.02973,0.11281,239.3156,246.74314,0.02973,4249.0,2443.0,630.03214,239.40735,0.0,0.0
4,900.0,0.01,5.0,2.0,0.0,0.02973,0.11281,239.3156,246.74314,0.02973,4249.0,2453.0,0.16835,239.40735,0.0,0.0
5,900.0,0.01,6.0,2.0,0.0,0.02973,0.11281,239.3156,246.74314,0.02973,4249.0,2515.0,0.57605,239.40735,0.0,0.0
0,900.0,0.01,1.0,7.0,0.0,0.01656,0.16139,224.91268,249.0124,0.01656,4250.0,2251.0,490.68,244.88827,0.0,0.0
1,900.0,0.01,2.0,3.0,0.0,0.01656,0.16139,224.91268,249.0124,0.01656,4250.0,2930.0,0.44893,244.88827,0.0,0.0
2,900.0,0.01,3.0,8.0,0.0,0.01656,0.16139,224.91268,249.0124,0.01656,4250.0,2251.0,645.41786,244.88827,0.0,0.0
3,900.0,0.01,4.0,7.0,0.0,0.01656,0.16139,224.91268,249.0124,0.01656,4250.0,2257.0,609.23515,244.88827,0.0,0.0
4,900.0,0.01,5.0,3.0,0.0,0.01656,0.16139,224.91268,249.0124,0.01656,4250.0,2550.0,0.28058,244.88827,0.0,0.0
5,900.0,0.01,6.0,3.0,0.0,0.00663,0.16139,224.91268,246.52238,0.00663,4250.0,4300.0,0.0,244.88827,0.0,0.0
0,900.0,0.03,1.0,2.0,0.0,0.01497,1.0,236.81118,247.15644,0.01497,4252.0,2270.0,506.34,243.45658,0.0,0.0
1,900.0,0.03,2.0,2.0,0.0,0.01497,1.0,236.81118,247.15644,0.01497,4252.0,2284.0,0.2291,243.45658,0.0,0.0
2,900.0,0.03,3.0,2.0,0.0,0.01497,1.0,236.81118,247.15644,0.01497,4252.0,2260.0,654.75,243.45658,0.0,0.0
3,900.0,0.03,4.0,2.0,0.0,0.01497,1.0,236.81118,247.15644,0.01497,4252.0,2270.0,617.30422,243.45658,0.0,0.0
4,900.0,0.03,5.0,2.0,0.0,0.01497,1.0,236.81118,247.15644,0.01497,4252.0,2286.0,0.17182,243.45658,0.0,0.0
5,900.0,0.03,6.0,2.0,0.0,0.01497,1.0,236.81118,247.15644,0.01497,4252.0,2431.0,0.52149,243.45658,0.0,0.0
0,900.0,0.03,1.0,2.0,0.0,0.00308,1.0,230.97971,241.22573,0.00308,4252.0,2272.0,506.34,240.48354,0.0,0.0
1,900.0,0.03,2.0,2.0,0.0,0.00308,1.0,230.97971,241.22573,0.00308,4252.0,2274.0,0.2291,240.48354,0.0,0.0
2,900.0,0.03,3.0,2.0,0.0,0.00308,1.0,230.97971,241.22573,0.00308,4252.0,2271.0,654.75,240.48354,0.0,0.0
3,900.0,0.03,4.0,2.0,0.0,0.00308,1.0,230.97971,241.22573,0.00308,4252.0,2275.0,617.30422,240.48354,0.0,0.0
4,900.0,0.03,5.0,2.0,0.0,0.00308,1.0,230.97971,241.22573,0.00308,4252.0,2276.0,0.17182,240.48354,0.0,0.0
5,900.0,0.03,6.0,2.0,0.0,0.00308,1.0,230.97971,241.22573,0.00308,4252.0,4212.0,0.0,240.48354,0.0,0.0
0,900.0,0.03,1.0,8.0,0.0,0.03398,0.19524,226.10668,254.87626,0.03398,4252.0,2253.0,412.38,246.21531,0.0,0.0
1,900.0,0.03,2.0,3.0,0.0,0.03398,0.19524,226.10668,254.87626,0.03398,4252.0,3045.0,0.45819,246.21531,0.0,0.0
2,900.0,0.03,3.0,7.0,0.0,0.03398,0.19524,226.10668,254.87626,0.03398,4252.0,2254.0,594.35357,246.21531,0.0,0.0
3,900.0,0.03,4.0,10.0,0.0,0.03398,0.19524,226.10668,254.87626,0.03398,4252.0,2251.0,527.82916,246.21531,0.0,0.0
4,900.0,0.03,5.0,3.0,0.0,0.03398,0.19524,226.10668,254.87626,0.03398,4252.0,2702.0,0.28637,246.21531,0.0,0.0
5,900.0,0.03,6.0,3.0,0.0,0.03398,0.19524,226.10668,254.87626,0.03398,4252.0,4305.0,0.1503,246.21531,0.0,0.0
0,900.0,0.03,1.0,8.0,0.0,0.0231,1.0,240.67548,251.98817,0.0231,4252.0,2252.0,412.38,246.16611,0.0,0.0
1,900.0,0.03,2.0,3.0,0.0,0.0231,1.0,240.67548,251.98817,0.0231,4252.0,2884.0,0.45819,246.16611,0.0,0.0
2,900.0,0.03,3.0,9.0,0.0,0.0231,1.0,240.67548,251.98817,0.0231,4252.0,2257.0,578.88994,246.16611,0.0,0.0
3,900.0,0.03,4.0,10.0,0.0,0.0231,1.0,240.67548,251.98817,0.0231,4252.0,2245.0,527.82916,246.16611,0.0,0.0
4,900.0,0.03,5.0,3.0,0.0,0.0231,1.0,240.67548,251.98817,0.0231,4252.0,3111.0,0.28637,246.16611,0.0,0.0
5,900.0,0.03,6.0,3.0,0.0,0.0231,1.0,240.67548,251.98817,0.0231,4252.0,4308.0,0.0,246.16611,0.0,0.0
0,900.0,0.03,1.0,10.0,0.0,0.06048,0.13492,242.73486,259.7403,0.06048,4252.0,2245.0,381.06,244.03036,-256.5389,0.0
1,900.0,0.03,2.0,3.0,0.0,0.06048,0.13492,242.73486,259.7403,0.06048,4252.0,3355.0,0.45819,244.03036,-256.5389,0.0
2,900.0,0.03,3.0,10.0,0.0,0.06048,0.13492,242.73486,259.7403,0.06048,4252.0,2221.0,572.13994,244.03036,-256.5389,0.0
3,900.0,0.03,4.0,10.0,0.0,0.06048,0.13492,242.73486,259.7403,0.06048,4252.0,2246.0,527.82916,244.03036,-256.5389,0.0
4,900.0,0.03,5.0,3.0,0.0,0.06048,0.13492,242.73486,259.7403,0.06048,4252.0,3025.0,0.28637,244.03036,-256.5389,0.0
5,900.0,0.03,6.0,3.0,0.0,0.06048,0.13492,242.73486,259.7403,0.06048,4252.0,4265.0,0.0,244.03036,-256.5389,0.0
0,900.0,0.03,1.0,5.0,0.0,0.03202,0.1326,244.30124,255.11642,0.03202,4252.0,2254.0,475.02,246.94783,0.0,0.0
1,900.0,0.03,2.0,4.0,0.0,0.03202,0.1326,244.30124,255.11642,0.03202,4252.0,3360.0,0.0,246.94783,0.0,0.0
2,900.0,0.03,3.0,10.0,0.0,0.03202,0.1326,244.30124,255.11642,0.03202,4252.0,2248.0,457.38994,246.94783,0.0,0.0
3,900.0,0.03,4.0,6.0,0.0,0.03202,0.1326,244.30124,255.11642,0.03202,4252.0,2253.0,467.42931,246.94783,0.0,0.0
4,900.0,0.03,5.0,6.0,0.0,0.03202,0.1326,244.30124,255.11642,0.03202,4252.0,2311.0,9.26549,246.94783,0.0,0.0
5,900.0,0.03,6.0,2.0,0.0,0.03202,0.1326,244.30124,255.11642,0.03202,4252.0,3640.0,0.0,246.94783,0.0,0.0
0,900.0,0.03,1.0,10.0,0.0,0.04781,0.14436,239.7704,256.20173,0.04781,4248.0,2252.0,381.06,243.95169,0.0,0.0
1,900.0,0.03,2.0,3.0,0.0,0.04781,0.14436,239.7704,256.20173,0.04781,4248.0,2922.0,0.45819,243.95169,0.0,0.0
2,900.0,0.03,3.0,9.0,0.0,0.04781,0.14436,239.7704,256.20173,0.04781,4248.0,2251.0,578.88994,243.95169,0.0,0.0
3,900.0,0.03,4.0,10.0,0.0,0.04781,0.14436,239.7704,256.20173,0.04781,4248.0,2251.0,527.82916,243.95169,0.0,0.0
4,900.0,0.03,5.0,3.0,0.0,0.04781,0.14436,239.7704,256.20173,0.04781,4248.0,2654.0,0.28637,243.95169,0.0,0.0
5,900.0,0.03,6.0,3.0,0.0,0.04781,0.14436,239.7704,256.20173,0.04781,4248.0,4291.0,0.0,243.95169,0.0,0.0
0,900.0,0.03,1.0,10.0,0.0,0.03977,0.14662,237.5377,258.68668,0.03977,4209.0,2193.0,381.06,248.39831,0.0,0.0
1,900.0,0.03,2.0,3.0,0.0,0.03977,0.14662,237.5377,258.68668,0.03977,4209.0,2652.0,0.45819,248.39831,0.0,0.0
2,900.0,0.03,3.0,10.0,0.0,0.03977,0.14662,237.5377,258.68668,0.03977,4209.0,2190.0,572.13994,248.39831,0.0,0.0
3,900.0,0.03,4.0,10.0,0.0,0.03977,0.14662,237.5377,258.68668,0.03977,4209.0,2190.0,527.82916,248.39831,0.0,0.0
4,900.0,0.03,5.0,3.0,0.0,0.03977,0.14662,237.5377,258.68668,0.03977,4209.0,2390.0,0.28637,248.39831,0.0,0.0
5,900.0,0.03,6.0,3.0,0.0,0.03977,0.14662,237.5377,258.68668,0.03977,4209.0,4236.0,0.0,248.39831,0.0,0.0
0,900.0,0.03,1.0,10.0,0.0,0.03152,1.0,227.05469,255.02936,0.03152,4253.0,2256.0,381.06,246.99027,0.0,0.0
1,900.0,0.03,2.0,3.0,0.0,0.03152,1.0,227.05469,255.02936,0.03152,4253.0,2942.0,0.45819,246.99027,0.0,0.0
2,900.0,0.03,3.0,10.0,0.0,0.03152,1.0,227.05469,255.02936,0.03152,4253.0,2248.0,572.13994,246.99027,0.0,0.0
3,900.0,0.03,4.0,10.0,0.0,0.03152,1.0,227.05469,255.02936,0.03152,4253.0,2256.0,527.82916,246.99027,0.0,0.0
4,900.0,0.03,5.0,3.0,0.0,0.03152,1.0,227.05469,255.02936,0.03152,4253.0,3222.0,0.28637,246.99027,0.0,0.0
5,900.0,0.03,6.0,3.0,0.0,0.03152,1.0,227.05469,255.02936,0.03152,4253.0,4274.0,0.07341,246.99027,0.0,0.0
0,900.0,0.03,1.0,10.0,0.0,0.03285,0.13904,241.78757,254.92595,0.03285,4250.0,2252.0,381.06,246.55223,0.0,0.0
1,900.0,0.03,2.0,3.0,0.0,0.03285,0.13904,241.78757,254.92595,0.03285,4250.0,2953.0,0.45819,246.55223,0.0,0.0
2,900.0,0.03,3.0,10.0,0.0,0.03285,0.13904,241.78757,254.92595,0.03285,4250.0,2255.0,572.13994,246.55223,0.0,0.0
3,900.0,0.03,4.0,10.0,0.0,0.03285,0.13904,241.78757,254.92595,0.03285,4250.0,2252.0,527.82916,246.55223,0.0,0.0
4,900.0,0.03,5.0,3.0,0.0,0.03285,0.13904,241.78757,254.92595,0.03285,4250.0,2624.0,0.28637,246.55223,0.0,0.0
5,900.0,0.03,6.0,3.0,0.0,0.03285,0.13904,241.78757,254.92595,0.03285,4250.0,4276.0,0.0,246.55223,0.0,0.0
0,900.0,0.03,1.0,3.0,0.0,0.04246,0.19507,226.3226,255.65427,0.04246,4247.0,2259.0,490.68,244.79895,-256.5051,0.0
1,900.0,0.03,2.0,3.0,0.0,0.04197,0.19507,226.3226,255.52344,0.04197,4247.0,2985.0,0.45819,244.79895,-256.5051,0.0
2,900.0,0.03,3.0,3.0,0.0,0.04197,0.19507,226.3226,255.52344,0.04197,4247.0,2251.0,638.55,244.79895,-256.5051,0.0
3,900.0,0.03,4.0,3.0,0.0,0.04197,0.19507,226.3226,255.52344,0.04197,4247.0,2251.0,601.71576,244.79895,-256.5051,0.0
4,900.0,0.03,5.0,3.0,0.0,0.04197,0.19507,226.3226,255.52344,0.04197,4247.0,2698.0,0.28637,244.79895,-256.5051,0.0
5,900.0,0.03,6.0,3.0,0.0,0.04197,0.19507,226.3226,255.52344,0.04197,4247.0,4351.0,0.0,244.79895,-256.5051,0.0
0,900.0,0.03,1.0,2.0,0.0,0.04289,0.13,243.661,255.58715,0.04289,4252.0,2276.0,506.34,244.62578,0.0,0.0
1,900.0,0.03,2.0,2.0,0.0,0.04289,0.13,243.661,255.58715,0.04289,4252.0,2281.0,0.2291,244.62578,0.0,0.0
2,900.0,0.03,3.0,2.0,0.0,0.04289,0.13,243.661,255.58715,0.04289,4252.0,2275.0,654.75,244.62578,0.0,0.0
3,900.0,0.03,4.0,2.0,0.0,0.04289,0.13,243.661,255.58715,0.04289,4252.0,2280.0,617.30422,244.62578,0.0,0.0
4,900.0,0.03,5.0,2.0,0.0,0.04289,0.13,243.661,255.58715,0.04289,4252.0,2280.0,0.17182,244.62578,0.0,0.0
5,900.0,0.03,6.0,2.0,0.0,0.04289,0.13,243.661,255.58715,0.04289,4252.0,2284.0,0.63206,244.62578,0.0,0.0
0,900.0,0.03,1.0,8.0,0.0,0.04354,0.14138,239.78293,255.38537,0.04354,4249.0,2251.0,412.38,244.2649,0.0,0.0
1,900.0,0.03,2.0,3.0,0.0,0.04354,0.14138,239.78293,255.38537,0.04354,4249.0,2869.0,0.45819,244.2649,0.0,0.0
2,900.0,0.03,3.0,10.0,0.0,0.04354,0.14138,239.78293,255.38537,0.04354,4249.0,2251.0,572.13994,244.2649,0.0,0.0
3,900.0,0.03,4.0,8.0,0.0,0.04354,0.14138,239.78293,255.38537,0.04354,4249.0,2251.0,545.36731,244.2649,0.0,0.0
4,900.0,0.03,5.0,3.0,0.0,0.04354,0.14138,239.78293,255.38537,0.04354,4249.0,3218.0,0.28637,244.2649,0.0,0.0
5,900.0,0.03,6.0,3.0,0.0,0.04354,0.14138,239.78293,255.38537,0.04354,4249.0,4300.0,0.03687,244.2649,0.0,0.0
0,900.0,0.03,1.0,2.0,0.0,0.01006,0.14882,239.02627,249.07727,0.01006,4247.0,2260.0,506.34,246.5715,0.0,0.0
1,900.0,0.03,2.0,2.0,0.0,0.01006,0.14882,239.02627,249.07727,0.01006,4247.0,2265.0,0.2291,246.5715,0.0,0.0
2,900.0,0.03,3.0,2.0,0.0,0.01006,0.14882,239.02627,249.07727,0.01006,4247.0,2262.0,654.75,246.5715,0.0,0.0
3,900.0,0.03,4.0,2.0,0.0,0.01006,0.14882,239.02627,249.07727,0.01006,4247.0,2264.0,617.30422,246.5715,0.0,0.0
4,900.0,0.03,5.0,2.0,0.0,0.01006,0.14882,239.02627,249.07727,0.01006,4247.0,2264.0,0.17182,246.5715,0.0,0.0
5,900.0,0.03,6.0,2.0,0.0,0.01006,0.14882,239.02627,249.07727,0.01006,4247.0,2698.0,0.43871,246.5715,0.0,0.0
0,900.0,0.03,1.0,2.0,0.0,0.01099,1.0,240.56914,250.49769,0.01099,4251.0,2286.0,506.34,247.7459,0.0,0.0
1,900.0,0.03,2.0,2.0,0.0,0.01099,1.0,240.56914,250.49769,0.01099,4251.0,2288.0,0.2291,247.7459,0.0,0.0
2,900.0,0.03,3.0,2.0,0.0,0.01099,1.0,240.56914,250.49769,0.01099,4251.0,2288.0,654.75,247.7459,0.0,0.0
3,900.0,0.03,4.0,2.0,0.0,0.01099,1.0,240.56914,250.49769,0.01099,4251.0,2286.0,617.30422,247.7459,0.0,0.0
4,900.0,0.03,5.0,2.0,0.0,0.01099,1.0,240.56914,250.49769,0.01099,4251.0,2289.0,0.17182,247.7459,0.0,0.0
5,900.0,0.03,6.0,2.0,0.0,0.01099,1.0,240.56914,250.49769,0.01099,4251.0,3279.0,0.45431,247.7459,0.0,0.0
0,900.0,0.03,1.0,2.0,0.0,0.0554,0.15594,237.14288,252.78513,0.0554,4248.0,2262.0,506.34,238.78024,0.0,0.0
1,900.0,0.03,2.0,2.0,0.0,0.0554,0.15594,237.14288,252.78513,0.0554,4248.0,2259.0,0.2291,238.78024,0.0,0.0
2,900.0,0.03,3.0,2.0,0.0,0.0554,0.15594,237.14288,252.78513,0.0554,4248.0,2256.0,654.75,238.78024,0.0,0.0
3,900.0,0.03,4.0,2.0,0.0,0.0554,0.15594,237.14288,252.78513,0.0554,4248.0,2262.0,617.30422,238.78024,0.0,0.0
4,900.0,0.03,5.0,2.0,0.0,0.0554,0.15594,237.14288,252.78513,0.0554,4248.0,2260.0,0.17182,238.78024,0.0,0.0
5,900.0,0.03,6.0,2.0,0.0,0.0554,0.15594,237.14288,252.78513,0.0554,4248.0,2263.0,0.64748,238.78024,0.0,0.0
0,900.0,0.03,1.0,2.0,0.0,0.02711,0.13828,242.83616,252.47565,0.02711,4252.0,2253.0,506.34,245.63074,-256.78685,0.0
1,900.0,0.03,2.0,2.0,0.0,0.02711,0.13828,242.83616,252.47565,0.02711,4252.0,2254.0,0.2291,245.63074,-256.78685,0.0
2,900.0,0.03,3.0,2.0,0.0,0.02711,0.13828,242.83616,252.47565,0.02711,4252.0,2253.0,654.75,245.63074,-256.78685,0.0
3,900.0,0.03,4.0,2.0,0.0,0.02711,0.13828,242.83616,252.47565,0.02711,4252.0,2256.0,617.30422,245.63074,-256.78685,0.0
4,900.0,0.03,5.0,2.0,0.0,0.02711,0.13828,242.83616,252.47565,0.02711,4252.0,2253.0,0.17182,245.63074,-256.78685,0.0
5,900.0,0.03,6.0,2.0,0.0,0.02711,0.13828,242.83616,252.47565,0.02711,4252.0,2255.0,0.62644,245.63074,-256.78685,0.0
0,900.0,0.03,1.0,10.0,0.0,0.02277,0.16649,233.10605,251.62242,0.02277,4253.0,2210.0,381.06,245.89224,0.0,0.0
1,900.0,0.03,2.0,3.0,0.0,0.02277,0.16649,233.10605,251.62242,0.02277,4253.0,2659.0,0.45819,245.89224,0.0,0.0
2,900.0,0.03,3.0,10.0,0.0,0.02277,0.16649,233.10605,251.62242,0.02277,4253.0,2203.0,572.13994,245.89224,0.0,0.0
3,900.0,0.03,4.0,10.0,0.0,0.02277,0.16649,233.10605,251.62242,0.02277,4253.0,2205.0,527.82916,245.89224,0.0,0.0
4,900.0,0.03,5.0,3.0,0.0,0.02277,0.16649,233.10605,251.62242,0.02277,4253.0,2401.0,0.28637,245.89224,0.0,0.0
5,900.0,0.03,6.0,3.0,0.0,0.02277,0.16649,233.10605,251.62242,0.02277,4253.0,4253.0,0.0,245.89224,0.0,0.0
0,900.0,0.03,1.0,2.0,0.0,0.048,0.1483,239.21036,252.40505,0.048,4251.0,2275.0,506.34,240.28987,0.0,0.0
1,900.0,0.03,2.0,2.0,0.0,0.048,0.1483,239.21036,252.40505,0.048,4251.0,2280.0,0.2291,240.28987,0.0,0.0
2,900.0,0.03,3.0,2.0,0.0,0.048,0.1483,239.21036,252.40505,0.048,4251.0,2273.0,654.75,240.28987,0.0,0.0
3,900.0,0.03,4.0,2.0,0.0,0.048,0.1483,239.21036,252.40505,0.048,4251.0,2276.0,617.30422,240.28987,0.0,0.0
4,900.0,0.03,5.0,2.0,0.0,0.048,0.1483,239.21036,252.40505,0.048,4251.0,2278.0,0.17182,240.28987,0.0,0.0
5,900.0,0.03,6.0,2.0,0.0,0.048,0.1483,239.21036,252.40505,0.048,4251.0,2283.0,0.63795,240.28987,0.0,0.0
0,900.0,0.03,1.0,3.0,0.0,0.02591,0.19834,224.82865,252.24497,0.02591,4251.0,2272.0,490.68,245.70998,0.0,0.0
1,900.0,0.03,2.0,3.0,0.0,0.02591,0.19834,224.82865,252.24497,0.02591,4251.0,2441.0,0.45819,245.70998,0.0,0.0
2,900.0,0.03,3.0,3.0,0.0,0.02591,0.19834,224.82865,252.24497,0.02591,4251.0,2266.0,638.55,245.70998,0.0,0.0
3,900.0,0.03,4.0,3.0,0.0,0.02591,0.19834,224.82865,252.24497,0.02591,4251.0,2269.0,601.71576,245.70998,0.0,0.0
4,900.0,0.03,5.0,3.0,0.0,0.02591,0.19834,224.82865,252.24497,0.02591,4251.0,2346.0,0.28637,245.70998,0.0,0.0
5,900.0,0.03,6.0,2.0,0.0,0.02591,0.19834,224.82865,252.24497,0.02591,4251.0,2252.0,0.62779,245.70998,0.0,0.0
0,900.0,0.05,1.0,2.0,0.0,0.02739,0.17584,236.81118,250.5541,0.02739,4252.0,2285.0,495.9,243.69178,0.0,0.0
1,900.0,0.05,2.0,2.0,0.0,0.02739,0.17584,236.81118,250.5541,0.02739,4252.0,2298.0,0.23392,243.69178,0.0,0.0
2,900.0,0.05,3.0,2.0,0.0,0.02739,0.17584,236.81118,250.5541,0.02739,4252.0,2285.0,641.25,243.69178,0.0,0.0
3,900.0,0.05,4.0,2.0,0.0,0.02739,0.17584,236.81118,250.5541,0.02739,4252.0,2286.0,604.5763,243.69178,0.0,0.0
4,900.0,0.05,5.0,2.0,0.0,0.02739,0.17584,236.81118,250.5541,0.02739,4252.0,2299.0,0.17544,243.69178,0.0,0.0
5,900.0,0.05,6.0,2.0,0.0,0.02739,0.17584,236.81118,250.5541,0.02739,4252.0,2265.0,0.67296,243.69178,0.0,0.0
0,900.0,0.05,1.0,4.0,0.0,0.01565,0.19421,230.97971,244.5543,0.01565,4250.0,2263.0,443.7,240.72645,0.0,0.0
1,900.0,0.05,2.0,3.0,0.0,0.01565,0.19421,230.97971,244.5543,0.01565,4250.0,2743.0,0.46784,240.72645,0.0,0.0
2,900.0,0.05,3.0,4.0,0.0,0.01565,0.19421,230.97971,244.5543,0.01565,4250.0,2261.0,591.75,240.72645,0.0,0.0
3,900.0,0.05,4.0,4.0,0.0,0.01565,0.19421,230.97971,244.5543,0.01565,4250.0,2266.0,556.09554,240.72645,0.0,0.0
4,900.0,0.05,5.0,3.0,0.0,0.01565,0.19421,230.97971,244.5543,0.01565,4250.0,3194.0,0.2924,240.72645,0.0,0.0
5,900.0,0.05,6.0,2.0,0.0,0.01565,0.19421,230.97971,244.5543,0.01565,4250.0,2449.0,0.54616,240.72645,0.0,0.0
0,900.0,0.05,1.0,10.0,0.0,0.01745,0.21441,226.10668,253.65891,0.01745,4251.0,2227.0,287.1,249.23278,0.0,0.0
1,900.0,0.05,2.0,3.0,0.0,0.01745,0.21441,226.10668,253.65891,0.01745,4251.0,2954.0,0.46784,249.23278,0.0,0.0
2,900.0,0.05,3.0,10.0,0.0,0.01745,0.21441,226.10668,253.65891,0.01745,4251.0,2229.0,503.56656,249.23278,0.0,0.0
3,900.0,0.05,4.0,10.0,0.0,0.01745,0.21441,226.10668,253.65891,0.01745,4251.0,2230.0,455.4512,249.23278,0.0,0.0
4,900.0,0.05,5.0,3.0,0.0,0.01745,0.21441,226.10668,253.65891,0.01745,4251.0,2578.0,0.2924,249.23278,0.0,0.0
5,900.0,0.05,6.0,2.0,0.0,0.01745,0.21441,226.10668,253.65891,0.01745,4251.0,2279.0,0.56136,249.23278,0.0,0.0
0,900.0,0.05,1.0,8.0,0.0,0.0267,1.0,240.67548,254.46277,0.0267,4251.0,2254.0,339.3,247.6685,0.0,0.0
1,900.0,0.05,2.0,3.0,0.0,0.0267,1.0,240.67548,254.46277,0.0267,4251.0,3769.0,0.46784,247.6685,0.0,0.0
2,900.0,0.05,3.0,8.0,0.0,0.0267,1.0,240.67548,254.46277,0.0267,4251.0,2254.0,527.08929,247.6685,0.0,0.0
3,900.0,0.05,4.0,8.0,0.0,0.0267,1.0,240.67548,254.46277,0.0267,4251.0,2252.0,484.68145,247.6685,0.0,0.0
4,900.0,0.05,5.0,3.0,0.0,0.0267,1.0,240.67548,254.46277,0.0267,4251.0,2723.0,0.2924,247.6685,0.0,0.0
5,900.0,0.05,6.0,3.0,0.0,0.0267,1.0,240.67548,254.46277,0.0267,4251.0,4331.0,0.0,247.6685,0.0,0.0
0,900.0,0.05,1.0,10.0,0.0,0.02689,1.0,242.73486,256.10806,0.02689,4252.0,2248.0,287.1,249.22043,0.0,0.0
1,900.0,0.05,2.0,3.0,0.0,0.02689,1.0,242.73486,256.10806,0.02689,4252.0,3230.0,0.46784,249.22043,0.0,0.0
2,900.0,0.05,3.0,10.0,0.0,0.02689,1.0,242.73486,256.10806,0.02689,4252.0,2243.0,503.56656,249.22043,0.0,0.0
3,900.0,0.05,4.0,10.0,0.0,0.02689,1.0,242.73486,256.10806,0.02689,4252.0,2245.0,455.4512,249.22043,0.0,0.0
4,900.0,0.05,5.0,3.0,0.0,0.02689,1.0,242.73486,256.10806,0.02689,4252.0,2895.0,0.2924,249.22043,0.0,0.0
5,900.0,0.05,6.0,3.0,0.0,0.02689,1.0,242.73486,256.10806,0.02689,4252.0,4309.0,0.0,249.22043,0.0,0.0
0,900.0,0.05,1.0,5.0,0.0,0.02463,1.0,244.30124,257.75775,0.02463,4252.0,2256.0,417.6,251.40796,0.0,0.0
1,900.0,0.05,2.0,3.0,0.0,0.02463,1.0,244.30124,257.75775,0.02463,4252.0,3852.0,0.46784,251.40796,0.0,0.0
2,900.0,0.05,3.0,5.0,0.0,0.02463,1.0,244.30124,257.75775,0.02463,4252.0,2257.0,572.46429,251.40796,0.0,0.0
3,900.0,0.05,4.0,4.0,0.0,0.02463,1.0,244.30124,257.75775,0.02463,4252.0,2255.0,556.09554,251.40796,0.0,0.0
4,900.0,0.05,5.0,3.0,0.0,0.02463,1.0,244.30124,257.75775,0.02463,4252.0,3548.0,0.2924,251.40796,0.0,0.0
5,900.0,0.05,6.0,2.0,0.0,0.02463,1.0,244.30124,257.75775,0.02463,4252.0,2299.0,0.64075,251.40796,0.0,0.0
0,900.0,0.05,1.0,3.0,0.0,0.03523,1.0,239.50371,253.12836,0.03523,4249.0,2253.0,469.8,244.20952,0.0,0.0
1,900.0,0.05,2.0,3.0,0.0,0.03523,1.0,239.50371,253.12836,0.03523,4249.0,3163.0,0.46784,244.20952,0.0,0.0
2,900.0,0.05,3.0,3.0,0.0,0.03523,1.0,239.50371,253.12836,0.03523,4249.0,2257.0,614.25,244.20952,0.0,0.0
3,900.0,0.05,4.0,3.0,0.0,0.03523,1.0,239.50371,253.12836,0.03523,4249.0,2258.0,578.59554,244.20952,0.0,0.0
4,900.0,0.05,5.0,3.0,0.0,0.03523,1.0,239.50371,253.12836,0.03523,4249.0,3403.0,0.2924,244.20952,0.0,0.0
5,900.0,0.05,6.0,3.0,0.0,0.03523,1.0,239.50371,253.12836,0.03523,4249.0,4346.0,0.0,244.20952,0.0,0.0
0,900.0,0.05,1.0,10.0,0.0,0.05757,0.207,226.78084,263.82682,0.05757,4209.0,2236.0,287.1,248.63952,0.0,0.0
1,900.0,0.05,2.0,3.0,0.0,0.05757,0.207,226.78084,263.82682,0.05757,4209.0,3131.0,0.46784,248.63952,0.0,0.0
2,900.0,0.05,3.0,10.0,0.0,0.05757,0.207,226.78084,263.82682,0.05757,4209.0,2237.0,503.56656,248.63952,0.0,0.0
3,900.0,0.05,4.0,10.0,0.0,0.05757,0.207,226.78084,263.82682,0.05757,4209.0,2242.0,455.4512,248.63952,0.0,0.0
4,900.0,0.05,5.0,3.0,0.0,0.05757,0.207,226.78084,263.82682,0.05757,4209.0,2692.0,0.2924,248.63952,0.0,0.0
5,900.0,0.05,6.0,3.0,0.0,0.05757,0.207,226.78084,263.82682,0.05757,4209.0,4274.0,0.0,248.63952,0.0,0.0
0,900.0,0.05,1.0,7.0,0.0,0.05203,0.13756,246.29175,260.78405,0.05203,4209.0,2256.0,365.4,247.21436,0.0,0.0
1,900.0,0.05,2.0,3.0,0.0,0.05203,0.13756,246.29175,260.78405,0.05203,4209.0,2968.0,0.46784,247.21436,0.0,0.0
2,900.0,0.05,3.0,6.0,0.0,0.05203,0.13756,246.29175,260.78405,0.05203,4209.0,2251.0,555.58929,247.21436,0.0,0.0
3,900.0,0.05,4.0,7.0,0.0,0.05203,0.13756,246.29175,260.78405,0.05203,4209.0,2254.0,500.59135,247.21436,0.0,0.0
4,900.0,0.05,5.0,3.0,0.0,0.05203,0.13756,246.29175,260.78405,0.05203,4209.0,2884.0,0.2924,247.21436,0.0,0.0
5,900.0,0.05,6.0,3.0,0.0,0.05203,0.13756,246.29175,260.78405,0.05203,4209.0,4325.0,0.0,247.21436,0.0,0.0
0,900.0,0.05,1.0,4.0,0.0,0.02975,1.0,241.78757,255.53237,0.02975,4251.0,2257.0,443.7,247.93147,0.0,0.0
1,900.0,0.05,2.0,3.0,0.0,0.02975,1.0,241.78757,255.53237,0.02975,4251.0,3881.0,0.46784,247.93147,0.0,0.0
2,900.0,0.05,3.0,4.0,0.0,0.02975,1.0,241.78757,255.53237,0.02975,4251.0,2261.0,591.75,247.93147,0.0,0.0
3,900.0,0.05,4.0,4.0,0.0,0.02975,1.0,241.78757,255.53237,0.02975,4251.0,2257.0,556.09554,247.93147,0.0,0.0
4,900.0,0.05,5.0,3.0,0.0,0.02975,1.0,241.78757,255.53237,0.02975,4251.0,3717.0,0.2924,247.93147,0.0,0.0
5,900.0,0.05,6.0,3.0,0.0,0.02975,1.0,241.78757,255.53237,0.02975,4251.0,4334.0,0.07049,247.93147,0.0,0.0
0,900.0,0.05,1.0,3.0,0.0,0.0315,0.21394,226.3226,258.54117,0.0315,4248.0,2258.0,469.8,250.3982,0.0,0.0
1,900.0,0.05,2.0,3.0,0.0,0.0315,0.21394,226.3226,258.54117,0.0315,4248.0,3097.0,0.46784,250.3982,0.0,0.0
2,900.0,0.05,3.0,2.0,0.0,0.0315,0.21394,226.3226,258.54117,0.0315,4248.0,2251.0,641.25,250.3982,0.0,0.0
3,900.0,0.05,4.0,3.0,0.0,0.0315,0.21394,226.3226,258.54117,0.0315,4248.0,2261.0,578.59554,250.3982,0.0,0.0
4,900.0,0.05,5.0,2.0,0.0,0.0315,0.21394,226.3226,258.54117,0.0315,4248.0,2251.0,0.17544,250.3982,0.0,0.0
5,900.0,0.05,6.0,2.0,0.0,0.0315,0.21394,226.3226,258.54117,0.0315,4248.0,2254.0,0.65627,250.3982,0.0,0.0
0,900.0,0.05,1.0,2.0,0.0,0.03888,1.0,243.661,257.06432,0.03888,4251.0,2271.0,495.9,247.07077,0.0,0.0
1,900.0,0.05,2.0,2.0,0.0,0.03888,1.0,243.661,257.06432,0.03888,4251.0,2275.0,0.23392,247.07077,0.0,0.0
2,900.0,0.05,3.0,2.0,0.0,0.03888,1.0,243.661,257.06432,0.03888,4251.0,2268.0,641.25,247.07077,0.0,0.0
3,900.0,0.05,4.0,2.0,0.0,0.03888,1.0,243.661,257.06432,0.03888,4251.0,2266.0,604.5763,247.07077,0.0,0.0
4,900.0,0.05,5.0,2.0,0.0,0.03888,1.0,243.661,257.06432,0.03888,4251.0,2275.0,0.17544,247.07077,0.0,0.0
5,900.0,0.05,6.0,2.0,0.0,0.03888,1.0,243.661,257.06432,0.03888,4251.0,2284.0,0.66316,247.07077,0.0,0.0
0,900.0,0.05,1.0,5.0,0.0,0.05509,1.0,239.78293,260.43251,0.05509,4252.0,2253.0,417.6,246.08585,0.0,0.0
1,900.0,0.05,2.0,3.0,0.0,0.05509,1.0,239.78293,260.43251,0.05509,4252.0,3094.0,0.46784,246.08585,0.0,0.0
2,900.0,0.05,3.0,5.0,0.0,0.05509,1.0,239.78293,260.43251,0.05509,4252.0,2253.0,572.46429,246.08585,0.0,0.0
3,900.0,0.05,4.0,5.0,0.0,0.05509,1.0,239.78293,260.43251,0.05509,4252.0,2256.0,535.97092,246.08585,0.0,0.0
4,900.0,0.05,5.0,3.0,0.0,0.05509,1.0,239.78293,260.43251,0.05509,4252.0,2810.0,0.2924,246.08585,0.0,0.0
5,900.0,0.05,6.0,3.0,0.0,0.05509,1.0,239.78293,260.43251,0.05509,4252.0,4340.0,0.03189,246.08585,0.0,0.0
0,900.0,0.05,1.0,3.0,0.0,0.02247,1.0,239.02627,252.46284,0.02247,4252.0,2271.0,469.8,246.78907,0.0,0.0
1,900.0,0.05,2.0,3.0,0.0,0.02247,1.0,239.02627,252.46284,0.02247,4252.0,2758.0,0.46784,246.78907,0.0,0.0
2,900.0,0.05,3.0,3.0,0.0,0.02247,1.0,239.02627,252.46284,0.02247,4252.0,2268.0,614.25,246.78907,0.0,0.0
3,900.0,0.05,4.0,3.0,0.0,0.02247,1.0,239.02627,252.46284,0.02247,4252.0,2264.0,578.59554,246.78907,0.0,0.0
4,900.0,0.05,5.0,3.0,0.0,0.02247,1.0,239.02627,252.46284,0.02247,4252.0,3307.0,0.2924,246.78907,0.0,0.0
5,900.0,0.05,6.0,2.0,0.0,0.02247,1.0,239.02627,252.46284,0.02247,4252.0,2351.0,0.61919,246.78907,0.0,0.0
0,900.0,0.05,1.0,2.0,0.0,0.02993,1.0,240.56914,255.62446,0.02993,4249.0,2312.0,495.9,247.9728,0.0,0.0
1,900.0,0.05,2.0,2.0,0.0,0.02993,1.0,240.56914,255.62446,0.02993,4249.0,2327.0,0.23392,247.9728,0.0,0.0
2,900.0,0.05,3.0,2.0,0.0,0.02993,1.0,240.56914,255.62446,0.02993,4249.0,2308.0,641.25,247.9728,0.0,0.0
3,900.0,0.05,4.0,2.0,0.0,0.02993,1.0,240.56914,255.62446,0.02993,4249.0,2306.0,604.5763,247.9728,0.0,0.0
4,900.0,0.05,5.0,2.0,0.0,0.02993,1.0,240.56914,255.62446,0.02993,4249.0,2323.0,0.17544,247.9728,0.0,0.0
5,900.0,0.05,6.0,2.0,0.0,0.02993,1.0,240.56914,255.62446,0.02993,4249.0,2343.0,0.65962,247.9728,0.0,0.0
0,900.0,0.05,1.0,2.0,0.0,0.0715,1.0,237.14288,257.39164,0.0715,4252.0,2295.0,495.9,238.98927,0.0,0.0
1,900.0,0.05,2.0,2.0,0.0,0.0715,1.0,237.14288,257.39164,0.0715,4252.0,2290.0,0.23392,238.98927,0.0,0.0
2,900.0,0.05,3.0,2.0,0.0,0.0715,1.0,237.14288,257.39164,0.0715,4252.0,2292.0,641.25,238.98927,0.0,0.0
3,900.0,0.05,4.0,2.0,0.0,0.0715,1.0,237.14288,257.39164,0.0715,4252.0,2290.0,604.5763,238.98927,0.0,0.0
4,900.0,0.05,5.0,2.0,0.0,0.0715,1.0,237.14288,257.39164,0.0715,4252.0,2292.0,0.17544,238.98927,0.0,0.0
5,900.0,0.05,6.0,2.0,0.0,0.0715,1.0,237.14288,257.39164,0.0715,4252.0,2309.0,0.68855,238.98927,0.0,0.0
0,900.0,0.05,1.0,2.0,0.0,0.03617,1.0,242.83616,257.2272,0.03617,4251.0,2279.0,495.9,247.92412,0.0,0.0
1,900.0,0.05,2.0,2.0,0.0,0.03617,1.0,242.83616,257.2272,0.03617,4251.0,2285.0,0.23392,247.92412,0.0,0.0
2,900.0,0.05,3.0,2.0,0.0,0.03617,1.0,242.83616,257.2272,0.03617,4251.0,2278.0,641.25,247.92412,0.0,0.0
3,900.0,0.05,4.0,2.0,0.0,0.03617,1.0,242.83616,257.2272,0.03617,4251.0,2278.0,604.5763,247.92412,0.0,0.0
4,900.0,0.05,5.0,2.0,0.0,0.03617,1.0,242.83616,257.2272,0.03617,4251.0,2285.0,0.17544,247.92412,0.0,0.0
5,900.0,0.05,6.0,2.0,0.0,0.03617,1.0,242.83616,257.2272,0.03617,4251.0,2300.0,0.66474,247.92412,0.0,0.0
0,900.0,0.05,1.0,2.0,0.0,0.00089,0.18734,233.10605,247.01232,0.00089,4251.0,2257.0,495.9,246.79216,0.0,0.0
1,900.0,0.05,2.0,2.0,0.0,0.00089,0.18734,233.10605,247.01232,0.00089,4251.0,2257.0,0.23392,246.79216,0.0,0.0
2,900.0,0.05,3.0,2.0,0.0,0.00089,0.18734,233.10605,247.01232,0.00089,4251.0,2258.0,641.25,246.79216,0.0,0.0
3,900.0,0.05,4.0,2.0,0.0,0.00089,0.18734,233.10605,247.01232,0.00089,4251.0,2258.0,604.5763,246.79216,0.0,0.0
4,900.0,0.05,5.0,2.0,0.0,0.00089,0.18734,233.10605,247.01232,0.00089,4251.0,2259.0,0.17544,246.79216,0.0,0.0
5,900.0,0.05,6.0,2.0,0.0,0.00089,0.18734,233.10605,247.01232,0.00089,4251.0,4217.0,0.0,246.79216,0.0,0.0
0,900.0,0.05,1.0,3.0,0.0,0.04851,1.0,239.21036,252.79015,0.04851,4252.0,2259.0,469.8,240.52632,0.0,0.0
1,900.0,0.05,2.0,3.0,0.0,0.05311,1.0,239.21036,254.01776,0.05311,4252.0,2763.0,0.46784,240.52632,0.0,0.0
2,900.0,0.05,3.0,3.0,0.0,0.05311,1.0,239.21036,254.01776,0.05311,4252.0,2259.0,614.25,240.52632,0.0,0.0
3,900.0,0.05,4.0,3.0,0.0,0.04851,1.0,239.21036,252.79015,0.04851,4252.0,2261.0,578.59554,240.52632,0.0,0.0
4,900.0,0.05,5.0,3.0,0.0,0.04851,1.0,239.21036,252.79015,0.04851,4252.0,2676.0,0.2924,240.52632,0.0,0.0
5,900.0,0.05,6.0,3.0,0.0,0.04851,1.0,239.21036,252.79015,0.04851,4252.0,4350.0,0.0,240.52632,0.0,0.0
0,900.0,0.05,1.0,10.0,0.0,0.05035,0.21149,225.11847,259.0098,0.05035,4208.0,2197.0,287.1,245.96826,0.0,0.0
1,900.0,0.05,2.0,3.0,0.0,0.05035,0.21149,225.11847,259.0098,0.05035,4208.0,2676.0,0.46784,245.96826,0.0,0.0
2,900.0,0.05,3.0,10.0,0.0,0.05035,0.21149,225.11847,259.0098,0.05035,4208.0,2195.0,503.56656,245.96826,0.0,0.0
3,900.0,0.05,4.0,10.0,0.0,0.05035,0.21149,225.11847,259.0098,0.05035,4208.0,2195.0,455.4512,245.96826,0.0,0.0
4,900.0,0.05,5.0,3.0,0.0,0.05035,0.21149,225.11847,259.0098,0.05035,4208.0,2387.0,0.2924,245.96826,0.0,0.0
5,900.0,0.05,6.0,3.0,0.0,0.05035,0.21149,225.11847,259.0098,0.05035,4208.0,4244.0,0.09135,245.96826,0.0,0.0
0,900.0,0.07,1.0,2.0,0.0,0.03587,1.0,236.81118,256.11,0.03587,4252.0,2305.0,485.46,246.92225,0.0,0.0
1,900.0,0.07,2.0,2.0,0.0,0.03587,1.0,236.81118,256.11,0.03587,4252.0,2306.0,0.23895,246.92225,0.0,0.0
2,900.0,0.07,3.0,2.0,0.0,0.03587,1.0,236.81118,256.11,0.03587,4252.0,2304.0,627.75,246.92225,0.0,0.0
3,900.0,0.07,4.0,2.0,0.0,0.03587,1.0,236.81118,256.11,0.03587,4252.0,2304.0,591.84838,246.92225,0.0,0.0
4,900.0,0.07,5.0,2.0,0.0,0.03587,1.0,236.81118,256.11,0.03587,4252.0,2309.0,0.17921,246.92225,0.0,0.0
5,900.0,0.07,6.0,2.0,0.0,0.03587,1.0,236.81118,256.11,0.03587,4252.0,2300.0,0.68649,246.92225,0.0,0.0
0,900.0,0.07,1.0,10.0,0.0,0.07065,1.0,230.97971,264.87357,0.07065,4252.0,2230.0,193.14,246.15956,0.0,0.0
1,900.0,0.07,2.0,3.0,0.0,0.07065,1.0,230.97971,264.87357,0.07065,4252.0,2616.0,0.4779,246.15956,0.0,0.0
2,900.0,0.07,3.0,10.0,0.0,0.07065,1.0,230.97971,264.87357,0.07065,4252.0,2252.0,434.99318,246.15956,0.0,0.0
3,900.0,0.07,4.0,3.0,0.0,0.01636,1.0,230.97971,250.25282,0.01636,4252.0,2253.0,555.47531,246.15956,0.0,0.0
4,900.0,0.07,5.0,3.0,0.0,0.01636,1.0,230.97971,250.25282,0.01636,4252.0,3431.0,0.29869,246.15956,0.0,0.0
5,900.0,0.07,6.0,2.0,0.0,0.01636,1.0,230.97971,250.25282,0.01636,4252.0,3606.0,0.52394,246.15956,0.0,0.0
0,900.0,0.07,1.0,10.0,0.0,0.05133,1.0,226.10668,263.01063,0.05133,4252.0,2237.0,193.14,249.51042,0.0,0.0
1,900.0,0.07,2.0,3.0,0.0,0.05133,1.0,226.10668,263.01063,0.05133,4252.0,3521.0,0.4779,249.51042,0.0,0.0
2,900.0,0.07,3.0,10.0,0.0,0.05133,1.0,226.10668,263.01063,0.05133,4252.0,2254.0,434.99318,249.51042,0.0,0.0
3,900.0,0.07,4.0,7.0,0.0,0.03768,1.0,226.10668,259.28002,0.03768,4252.0,2254.0,446.26945,249.51042,0.0,0.0
4,900.0,0.07,5.0,3.0,0.0,0.03768,1.0,226.10668,259.28002,0.03768,4252.0,3550.0,0.29869,249.51042,0.0,0.0
5,900.0,0.07,6.0,3.0,0.0,0.03768,1.0,226.10668,259.28002,0.03768,4252.0,4300.0,0.0,249.51042,0.0,0.0
0,900.0,0.07,1.0,10.0,0.0,0.12745,1.0,240.67548,284.09758,0.12745,4251.0,2196.0,156.90726,247.88805,0.0,0.0
1,900.0,0.07,2.0,3.0,0.0,0.06922,1.0,240.67548,266.32204,0.06922,4251.0,2821.0,0.4779,247.88805,0.0,0.0
2,900.0,0.07,3.0,7.0,0.0,0.06922,1.0,240.67548,266.32204,0.06922,4251.0,2254.0,486.825,247.88805,0.0,0.0
3,900.0,0.07,4.0,2.0,0.0,0.069,1.0,240.67548,266.25981,0.069,4251.0,2254.0,591.84838,247.88805,0.0,0.0
4,900.0,0.07,5.0,2.0,0.0,0.069,1.0,240.67548,266.25981,0.069,4251.0,2260.0,0.17921,247.88805,0.0,0.0
5,900.0,0.07,6.0,2.0,0.0,0.069,1.0,240.67548,266.25981,0.069,4251.0,2261.0,0.70104,247.88805,0.0,0.0
0,900.0,0.07,1.0,10.0,0.0,0.07951,1.0,242.73486,271.01149,0.07951,4251.0,2232.0,193.14,249.46415,0.0,0.0
1,900.0,0.07,2.0,3.0,0.0,0.07951,1.0,242.73486,271.01149,0.07951,4251.0,3446.0,0.4779,249.46415,0.0,0.0
2,900.0,0.07,3.0,10.0,0.0,0.07951,1.0,242.73486,271.01149,0.07951,4251.0,2232.0,434.99318,249.46415,0.0,0.0
3,900.0,0.07,4.0,7.0,0.0,0.05034,1.0,242.73486,262.68757,0.05034,4251.0,2256.0,446.26945,249.46415,0.0,0.0
4,900.0,0.07,5.0,3.0,0.0,0.05034,1.0,242.73486,262.68757,0.05034,4251.0,2711.0,0.29869,249.46415,0.0,0.0
5,900.0,0.07,6.0,3.0,0.0,0.05034,1.0,242.73486,262.68757,0.05034,4251.0,4297.0,0.0,249.46415,0.0,0.0
0,900.0,0.07,1.0,10.0,0.0,0.05768,1.0,244.30124,267.31893,0.05768,4252.0,2249.0,193.14,251.90083,0.0,0.0
1,900.0,0.07,2.0,3.0,0.0,0.05768,1.0,244.30124,267.31893,0.05768,4252.0,3455.0,0.4779,251.90083,0.0,0.0
2,900.0,0.07,3.0,10.0,0.0,0.05768,1.0,244.30124,267.31893,0.05768,4252.0,2250.0,434.99318,251.90083,0.0,0.0
3,900.0,0.07,4.0,5.0,0.0,0.04616,1.0,244.30124,264.09048,0.04616,4252.0,2257.0,495.80085,251.90083,0.0,0.0
4,900.0,0.07,5.0,3.0,0.0,0.04616,1.0,244.30124,264.09048,0.04616,4252.0,3432.0,0.29869,251.90083,0.0,0.0
5,900.0,0.07,6.0,3.0,0.0,0.04616,1.0,244.30124,264.09048,0.04616,4252.0,4324.0,0.03918,251.90083,0.0,0.0
0,900.0,0.07,1.0,10.0,0.0,0.0776,1.0,239.50371,264.98489,0.0776,4252.0,2245.0,193.14,244.42336,0.0,0.0
1,900.0,0.07,2.0,2.0,0.0,0.12141,1.0,239.50371,278.19823,0.12141,4252.0,4204.0,0.0,244.42336,0.0,0.0
2,900.0,0.07,3.0,9.0,0.0,0.0776,1.0,239.50371,264.98489,0.0776,4252.0,2252.0,450.74318,244.42336,0.0,0.0
3,900.0,0.07,4.0,3.0,0.0,0.08253,1.0,239.50371,266.41013,0.08253,4252.0,2255.0,555.47531,244.42336,0.0,0.0
4,900.0,0.07,5.0,3.0,0.0,0.08253,1.0,239.50371,266.41013,0.08253,4252.0,2834.0,0.29869,244.42336,0.0,0.0
5,900.0,0.07,6.0,3.0,0.0,0.08253,1.0,239.50371,266.41013,0.08253,4252.0,4348.0,0.0,244.42336,0.0,0.0
0,900.0,0.07,1.0,9.0,0.0,0.05453,0.22363,226.90995,263.51272,0.05453,4208.0,2255.0,229.68,249.1435,0.0,0.0
1,900.0,0.07,2.0,3.0,0.0,0.05453,0.22363,226.90995,263.51272,0.05453,4208.0,3056.0,0.4779,249.1435,0.0,0.0
2,900.0,0.07,3.0,9.0,0.0,0.05453,0.22363,226.90995,263.51272,0.05453,4208.0,2257.0,450.74318,249.1435,0.0,0.0
3,900.0,0.07,4.0,9.0,0.0,0.05453,0.22363,226.90995,263.51272,0.05453,4208.0,2256.0,402.99558,249.1435,0.0,0.0
4,900.0,0.07,5.0,3.0,0.0,0.05453,0.22363,226.90995,263.51272,0.05453,4208.0,2642.0,0.29869,249.1435,0.0,0.0
5,900.0,0.07,6.0,3.0,0.0,0.05453,0.22363,226.90995,263.51272,0.05453,4208.0,4284.0,0.0,249.1435,0.0,0.0
0,900.0,0.07,1.0,7.0,0.0,0.07209,0.16523,243.81924,267.01981,0.07209,4208.0,2251.0,302.76,247.77013,0.0,0.0
1,900.0,0.07,2.0,3.0,0.0,0.07209,0.16523,243.81924,267.01981,0.07209,4208.0,3419.0,0.4779,247.77013,0.0,0.0
2,900.0,0.07,3.0,8.0,0.0,0.07209,0.16523,243.81924,267.01981,0.07209,4208.0,2254.0,467.925,247.77013,0.0,0.0
3,900.0,0.07,4.0,7.0,0.0,0.07209,0.16523,243.81924,267.01981,0.07209,4208.0,2251.0,446.26945,247.77013,0.0,0.0
4,900.0,0.07,5.0,3.0,0.0,0.07209,0.16523,243.81924,267.01981,0.07209,4208.0,2672.0,0.29869,247.77013,0.0,0.0
5,900.0,0.07,6.0,3.0,0.0,0.07209,0.16523,243.81924,267.01981,0.07209,4208.0,4309.0,0.06404,247.77013,0.0,0.0
0,900.0,0.07,1.0,2.0,0.0,0.04941,1.0,241.78757,261.05127,0.04941,4251.0,2308.0,485.46,248.15346,0.0,0.0
1,900.0,0.07,2.0,2.0,0.0,0.04941,1.0,241.78757,261.05127,0.04941,4251.0,2311.0,0.23895,248.15346,0.0,0.0
2,900.0,0.07,3.0,2.0,0.0,0.04941,1.0,241.78757,261.05127,0.04941,4251.0,2313.0,627.75,248.15346,0.0,0.0
3,900.0,0.07,4.0,2.0,0.0,0.04941,1.0,241.78757,261.05127,0.04941,4251.0,2306.0,591.84838,248.15346,0.0,0.0
4,900.0,0.07,5.0,2.0,0.0,0.04941,1.0,241.78757,261.05127,0.04941,4251.0,2307.0,0.17921,248.15346,0.0,0.0
5,900.0,0.07,6.0,2.0,0.0,0.04941,1.0,241.78757,261.05127,0.04941,4251.0,2320.0,0.69679,248.15346,0.0,0.0
0,900.0,0.07,1.0,8.0,0.0,0.04502,0.16891,243.45434,264.05575,0.04502,4208.0,2253.0,266.22,252.16697,0.0,0.0
1,900.0,0.07,2.0,3.0,0.0,0.04502,0.16891,243.45434,264.05575,0.04502,4208.0,2956.0,0.4779,252.16697,0.0,0.0
2,900.0,0.07,3.0,9.0,0.0,0.04502,0.16891,243.45434,264.05575,0.04502,4208.0,2251.0,450.74318,252.16697,0.0,0.0
3,900.0,0.07,4.0,9.0,0.0,0.04502,0.16891,243.45434,264.05575,0.04502,4208.0,2255.0,402.99558,252.16697,0.0,0.0
4,900.0,0.07,5.0,3.0,0.0,0.04502,0.16891,243.45434,264.05575,0.04502,4208.0,2611.0,0.29869,252.16697,0.0,0.0
5,900.0,0.07,6.0,3.0,0.0,0.04502,0.16891,243.45434,264.05575,0.04502,4208.0,4291.0,0.0,252.16697,0.0,0.0
0,900.0,0.07,1.0,2.0,0.0,0.05577,1.0,243.661,262.92184,0.05577,4252.0,2325.0,485.46,248.2584,0.0,0.0
1,900.0,0.07,2.0,2.0,0.0,0.05577,1.0,243.661,262.92184,0.05577,4252.0,2328.0,0.23895,248.2584,0.0,0.0
2,900.0,0.07,3.0,2.0,0.0,0.05577,1.0,243.661,262.92184,0.05577,4252.0,2327.0,627.75,248.2584,0.0,0.0
3,900.0,0.07,4.0,2.0,0.0,0.05577,1.0,243.661,262.92184,0.05577,4252.0,2318.0,591.84838,248.2584,0.0,0.0
4,900.0,0.07,5.0,2.0,0.0,0.05577,1.0,243.661,262.92184,0.05577,4252.0,2310.0,0.17921,248.2584,0.0,0.0
5,900.0,0.07,6.0,2.0,0.0,0.05577,1.0,243.661,262.92184,0.05577,4252.0,2340.0,0.6961,248.2584,0.0,0.0
0,900.0,0.07,1.0,2.0,0.0,0.0386,1.0,239.78293,259.1214,0.0386,4249.0,2290.0,485.46,249.11872,0.0,0.0
1,900.0,0.07,2.0,2.0,0.0,0.0386,1.0,239.78293,259.1214,0.0386,4249.0,2291.0,0.23895,249.11872,0.0,0.0
2,900.0,0.07,3.0,2.0,0.0,0.0386,1.0,239.78293,259.1214,0.0386,4249.0,2292.0,627.75,249.11872,0.0,0.0
3,900.0,0.07,4.0,2.0,0.0,0.0386,1.0,239.78293,259.1214,0.0386,4249.0,2286.0,591.84838,249.11872,0.0,0.0
4,900.0,0.07,5.0,2.0,0.0,0.0386,1.0,239.78293,259.1214,0.0386,4249.0,2291.0,0.17921,249.11872,0.0,0.0
5,900.0,0.07,6.0,2.0,0.0,0.0386,1.0,239.78293,259.1214,0.0386,4249.0,2296.0,0.69638,249.11872,0.0,0.0
0,900.0,0.07,1.0,2.0,0.0,0.03368,1.0,239.02627,258.3312,0.03368,4252.0,2278.0,485.46,249.63134,0.0,0.0
1,900.0,0.07,2.0,2.0,0.0,0.03368,1.0,239.02627,258.3312,0.03368,4252.0,2276.0,0.23895,249.63134,0.0,0.0
2,900.0,0.07,3.0,2.0,0.0,0.03368,1.0,239.02627,258.3312,0.03368,4252.0,2280.0,627.75,249.63134,0.0,0.0
3,900.0,0.07,4.0,2.0,0.0,0.03368,1.0,239.02627,258.3312,0.03368,4252.0,2274.0,591.84838,249.63134,0.0,0.0
4,900.0,0.07,5.0,2.0,0.0,0.03368,1.0,239.02627,258.3312,0.03368,4252.0,2273.0,0.17921,249.63134,0.0,0.0
5,900.0,0.07,6.0,2.0,0.0,0.03368,1.0,239.02627,258.3312,0.03368,4252.0,2359.0,0.66551,249.63134,0.0,0.0
0,900.0,0.07,1.0,2.0,0.0,0.03954,1.0,240.56914,259.80151,0.03954,4251.0,2331.0,485.46,249.52891,0.0,0.0
1,900.0,0.07,2.0,2.0,0.0,0.03954,1.0,240.56914,259.80151,0.03954,4251.0,2332.0,0.23895,249.52891,0.0,0.0
2,900.0,0.07,3.0,2.0,0.0,0.03954,1.0,240.56914,259.80151,0.03954,4251.0,2333.0,627.75,249.52891,0.0,0.0
3,900.0,0.07,4.0,2.0,0.0,0.03954,1.0,240.56914,259.80151,0.03954,4251.0,2330.0,591.84838,249.52891,0.0,0.0
4,900.0,0.07,5.0,2.0,0.0,0.03954,1.0,240.56914,259.80151,0.03954,4251.0,2330.0,0.17921,249.52891,0.0,0.0
5,900.0,0.07,6.0,2.0,0.0,0.03954,1.0,240.56914,259.80151,0.03954,4251.0,2339.0,0.69235,249.52891,0.0,0.0
0,900.0,0.07,1.0,2.0,0.0,0.06289,1.0,237.14288,256.45497,0.06289,4252.0,2325.0,485.46,240.327,0.0,0.0
1,900.0,0.07,2.0,2.0,0.0,0.06289,1.0,237.14288,256.45497,0.06289,4252.0,2326.0,0.23895,240.327,0.0,0.0
2,900.0,0.07,3.0,2.0,0.0,0.06289,1.0,237.14288,256.45497,0.06289,4252.0,2337.0,627.75,240.327,0.0,0.0
3,900.0,0.07,4.0,2.0,0.0,0.06289,1.0,237.14288,256.45497,0.06289,4252.0,2317.0,591.84838,240.327,0.0,0.0
4,900.0,0.07,5.0,2.0,0.0,0.06289,1.0,237.14288,256.45497,0.06289,4252.0,2332.0,0.17921,240.327,0.0,0.0
5,900.0,0.07,6.0,2.0,0.0,0.06289,1.0,237.14288,256.45497,0.06289,4252.0,2324.0,0.7184,240.327,0.0,0.0
0,900.0,0.07,1.0,2.0,0.0,0.05046,1.0,242.83616,262.04432,0.05046,4251.0,2319.0,485.46,248.82191,0.0,0.0
1,900.0,0.07,2.0,2.0,0.0,0.05046,1.0,242.83616,262.04432,0.05046,4251.0,2316.0,0.23895,248.82191,0.0,0.0
2,900.0,0.07,3.0,2.0,0.0,0.05046,1.0,242.83616,262.04432,0.05046,4251.0,2319.0,627.75,248.82191,0.0,0.0
3,900.0,0.07,4.0,2.0,0.0,0.05046,1.0,242.83616,262.04432,0.05046,4251.0,2315.0,591.84838,248.82191,0.0,0.0
4,900.0,0.07,5.0,2.0,0.0,0.05046,1.0,242.83616,262.04432,0.05046,4251.0,2321.0,0.17921,248.82191,0.0,0.0
5,900.0,0.07,6.0,2.0,0.0,0.05046,1.0,242.83616,262.04432,0.05046,4251.0,2329.0,0.69688,248.82191,0.0,0.0
0,900.0,0.07,1.0,2.0,0.0,0.01301,1.0,233.10605,252.33713,0.01301,4251.0,2300.0,485.46,249.05507,0.0,0.0
1,900.0,0.07,2.0,2.0,0.0,0.01301,1.0,233.10605,252.33713,0.01301,4251.0,2297.0,0.23895,249.05507,0.0,0.0
2,900.0,0.07,3.0,2.0,0.0,0.01301,1.0,233.10605,252.33713,0.01301,4251.0,2298.0,627.75,249.05507,0.0,0.0
3,900.0,0.07,4.0,2.0,0.0,0.01301,1.0,233.10605,252.33713,0.01301,4251.0,2297.0,591.84838,249.05507,0.0,0.0
4,900.0,0.07,5.0,2.0,0.0,0.01301,1.0,233.10605,252.33713,0.01301,4251.0,2301.0,0.17921,249.05507,0.0,0.0
5,900.0,0.07,6.0,2.0,0.0,0.01301,1.0,233.10605,252.33713,0.01301,4251.0,2618.0,0.49062,249.05507,0.0,0.0
0,900.0,0.07,1.0,2.0,0.0,0.05483,1.0,239.21036,258.54353,0.05483,4251.0,2312.0,485.46,244.36662,0.0,0.0
1,900.0,0.07,2.0,2.0,0.0,0.05483,1.0,239.21036,258.54353,0.05483,4251.0,2312.0,0.23895,244.36662,0.0,0.0
2,900.0,0.07,3.0,2.0,0.0,0.05483,1.0,239.21036,258.54353,0.05483,4251.0,2319.0,627.75,244.36662,0.0,0.0
3,900.0,0.07,4.0,2.0,0.0,0.05483,1.0,239.21036,258.54353,0.05483,4251.0,2307.0,591.84838,244.36662,0.0,0.0
4,900.0,0.07,5.0,2.0,0.0,0.05483,1.0,239.21036,258.54353,0.05483,4251.0,2310.0,0.17921,244.36662,0.0,0.0
5,900.0,0.07,6.0,2.0,0.0,0.05483,1.0,239.21036,258.54353,0.05483,4251.0,2320.0,0.70691,244.36662,0.0,0.0
0,900.0,0.07,1.0,9.0,0.0,0.05433,0.23287,224.82865,260.36306,0.05433,4208.0,2254.0,229.68,246.21691,0.0,0.0
1,900.0,0.07,2.0,3.0,0.0,0.05433,0.23287,224.82865,260.36306,0.05433,4208.0,3556.0,0.4779,246.21691,0.0,0.0
2,900.0,0.07,3.0,9.0,0.0,0.05433,0.23287,224.82865,260.36306,0.05433,4208.0,2251.0,450.74318,246.21691,0.0,0.0
3,900.0,0.07,4.0,9.0,0.0,0.05433,0.23287,224.82865,260.36306,0.05433,4208.0,2256.0,402.99558,246.21691,0.0,0.0
4,900.0,0.07,5.0,3.0,0.0,0.05433,0.23287,224.82865,260.36306,0.05433,4208.0,2566.0,0.29869,246.21691,0.0,0.0
5,900.0,0.07,6.0,3.0,0.0,0.05433,0.23287,224.82865,260.36306,0.05433,4208.0,4289.0,0.03162,246.21691,0.0,0.0
