 ,value
scen203,1
scen233,1
scen692,1
scen764,1
scen896,1
scen699,1
scen908,1
scen1050,1
scen1127,1
scen1393,1
scen1210,1
scen72,1
scen864,1
scen1143,1
scen1142,1
scen1213,1
scen384,1
scen223,1
scen517,1
scen176,1
scen773,1
scen389,1
scen737,1
scen423,1
scen718,1
scen1253,1
scen1265,1
scen216,1
scen652,1
scen918,1
scen928,1
scen340,1
scen435,1
scen78,1
scen617,1
scen1414,1
scen932,1
scen795,1
scen826,1
scen1011,1
scen861,1
scen1324,1
scen455,1
scen111,1
scen818,1
scen502,1
scen572,1
scen642,1
scen304,1
scen965,1
scen1430,1
scen901,1
scen955,1
scen1293,1
scen1093,1
scen859,1
scen202,1
scen1057,1
scen878,1
scen1256,1
scen28,1
scen1391,1
scen824,1
scen135,1
scen251,1
scen1110,1
scen1049,1
scen266,1
scen364,1
scen317,1
scen1339,1
scen827,1
scen12,1
scen814,1
scen508,1
scen648,0
scen807,0
scen1353,0
scen362,0
scen193,0
scen315,0
scen367,0
scen450,0
scen535,0
scen725,0
scen110,0
scen1126,0
scen343,0
scen690,0
scen406,0
scen1463,0
scen876,0
scen1322,0
scen744,0
scen643,0
scen45,0
scen467,0
scen1216,0
scen1025,0
scen1121,0
scen583,0
scen1193,0
scen252,0
scen958,0
scen1355,0
scen1334,0
scen1211,0
scen1288,0
scen351,0
scen179,0
scen39,0
scen43,0
scen357,0
scen1493,0
scen1214,0
scen1470,0
scen862,0
scen1276,0
scen1254,0
scen350,0
scen915,0
scen128,0
scen31,0
scen272,0
scen871,0
scen735,0
scen1116,0
scen549,0
scen702,0
scen330,0
scen1460,0
scen580,0
scen1131,0
scen21,0
scen732,0
scen1331,0
scen96,0
scen585,0
scen417,0
scen437,0
scen509,0
scen371,0
scen780,0
scen558,0
scen302,0
scen370,0
scen797,0
scen587,0
scen625,0
scen265,0
scen212,0
scen899,0
scen1064,0
scen476,0
scen670,0
scen511,0
scen457,0
scen526,0
scen430,0
scen889,0
scen1069,0
scen1474,0
scen1083,0
scen1268,0
scen486,0
scen808,0
scen247,0
scen1065,0
scen108,0
scen781,0
scen1246,0
scen1107,0
scen10,0
scen249,0
scen788,0
scen1392,0
scen937,0
scen246,0
scen269,0
scen1187,0
scen1468,0
scen662,0
scen1269,0
scen1298,0
scen873,0
scen1495,0
scen640,0
scen1165,0
scen142,0
scen474,0
scen635,0
scen1302,0
scen817,0
scen628,0
scen1286,0
scen346,0
scen1477,0
scen1431,0
scen44,0
scen328,0
scen1188,0
scen1163,0
scen102,0
scen60,0
scen243,0
scen875,0
scen723,0
scen309,0
scen631,0
scen619,0
scen180,0
scen1056,0
scen425,0
scen1168,0
scen979,0
scen858,0
scen1203,0
scen597,0
scen1394,0
scen539,0
scen1245,0
scen1397,0
scen1230,0
scen762,0
scen560,0
scen1408,0
scen1154,0
scen197,0
scen297,0
scen1428,0
scen1347,0
scen865,0
scen622,0
scen1374,0
scen242,0
scen626,0
scen519,0
scen1336,0
scen306,0
scen562,0
scen489,0
scen1089,0
scen88,0
scen270,0
scen244,0
scen1416,0
scen349,0
scen1249,0
scen418,0
scen375,0
scen1464,0
scen235,0
scen1338,0
scen91,0
scen994,0
scen441,0
scen821,0
scen385,0
scen946,0
scen999,0
scen685,0
scen481,0
scen394,0
scen829,0
scen383,0
scen672,0
scen1412,0
scen839,0
scen1250,0
scen834,0
scen1081,0
scen900,0
scen1122,0
scen1471,0
scen564,0
scen1111,0
scen1034,0
scen129,0
scen5,0
scen728,0
scen1219,0
scen488,0
scen286,0
scen1208,0
scen226,0
scen576,0
scen567,0
scen1106,0
scen514,0
scen515,0
scen169,0
scen615,0
scen1294,0
scen465,0
scen1476,0
scen540,0
scen592,0
scen66,0
scen93,0
scen1280,0
scen232,0
scen332,0
scen331,0
scen1252,0
scen518,0
scen673,0
scen505,0
scen1435,0
scen1162,0
scen104,0
scen51,0
scen171,0
scen601,0
scen454,0
scen1255,0
scen504,0
scen1129,0
scen717,0
scen397,0
scen687,0
scen752,0
scen976,0
scen784,0
scen620,0
scen414,0
scen230,0
scen1209,0
scen1130,0
scen820,0
scen796,0
scen516,0
scen854,0
scen333,0
scen665,0
scen1104,0
scen860,0
scen579,0
scen1112,0
scen334,0
scen416,0
scen236,0
scen1343,0
scen959,0
scen151,0
scen1206,0
scen155,0
scen159,0
scen802,0
scen1238,0
scen1164,0
scen1469,0
scen605,0
scen299,0
scen1172,0
scen136,0
scen641,0
scen1017,0
scen57,0
scen59,0
scen1303,0
scen953,0
scen969,0
scen684,0
scen877,0
scen1128,0
scen1284,0
scen936,0
scen1120,0
scen1400,0
scen786,0
scen897,0
scen844,0
scen1300,0
scen1244,0
scen891,0
scen1079,0
scen608,0
scen403,0
scen443,0
scen1133,0
scen1379,0
scen831,0
scen890,0
scen503,0
scen740,0
scen335,0
scen336,0
scen1325,0
scen1183,0
scen498,0
scen1282,0
scen941,0
scen1055,0
scen170,0
scen1082,0
scen686,0
scen192,0
scen573,0
scen487,0
scen38,0
scen405,0
scen198,0
scen29,0
scen1368,0
scen663,0
scen651,0
scen961,0
scen1045,0
scen1418,0
scen1494,0
scen114,0
scen1455,0
scen1401,0
scen1040,0
scen48,0
scen1029,0
scen444,0
scen275,0
scen1264,0
scen700,0
scen190,0
scen782,0
scen127,0
scen284,0
scen842,0
scen956,0
scen1002,0
scen1190,0
scen422,0
scen268,0
scen1433,0
scen993,0
scen289,0
scen1148,0
scen972,0
scen1457,0
scen1223,0
scen46,0
scen1301,0
scen37,0
scen978,0
scen42,0
scen1411,0
scen1044,0
scen1201,0
scen460,0
scen215,0
scen734,0
scen777,0
scen116,0
scen82,0
scen975,0
scen484,0
scen963,0
scen1403,0
scen398,0
scen138,0
scen1158,0
scen660,0
scen542,0
scen1226,0
scen479,0
scen838,0
scen760,0
scen204,0
scen424,0
scen1108,0
scen50,0
scen420,0
scen123,0
scen736,0
scen464,0
scen341,0
scen276,0
scen898,0
scen1399,0
scen166,0
scen1204,0
scen841,0
scen274,0
scen1247,0
scen674,0
scen1350,0
scen754,0
scen1019,0
scen173,0
scen11,0
scen386,0
scen453,0
scen1369,0
scen94,0
scen1119,0
scen712,0
scen240,0
scen30,0
scen191,0
scen20,0
scen456,0
scen945,0
scen1454,0
scen902,0
scen707,0
scen200,0
scen1170,0
scen1080,0
scen1006,0
scen1352,0
scen1357,0
scen556,0
scen627,0
scen80,0
scen1344,0
scen23,0
scen1068,0
scen566,0
scen1098,0
scen1149,0
scen1078,0
scen921,0
scen1185,0
scen205,0
scen766,0
scen1482,0
scen1042,0
scen1059,0
scen144,0
scen810,0
scen221,0
scen804,0
scen964,0
scen1156,0
scen469,0
scen857,0
scen695,0
scen1307,0
scen323,0
scen431,0
scen347,0
scen1145,0
scen506,0
scen803,0
scen113,0
scen584,0
scen1485,0
scen588,0
scen410,0
scen411,0
scen793,0
scen942,0
scen727,0
scen611,0
scen353,0
scen550,0
scen1191,0
scen996,0
scen482,0
scen95,0
scen1100,0
scen609,0
scen624,0
scen923,0
scen1475,0
scen1103,0
scen532,0
scen115,0
scen507,0
scen139,0
scen883,0
scen1283,0
scen234,0
scen199,0
scen148,0
scen224,0
scen177,0
scen1319,0
scen141,0
scen1426,0
scen832,0
scen36,0
scen22,0
scen449,0
scen1212,0
scen1442,0
scen907,0
scen1009,0
scen638,0
scen798,0
scen715,0
scen1135,0
scen1270,0
scen391,0
scen1242,0
scen1292,0
scen1285,0
scen313,0
scen1427,0
scen14,0
scen1067,0
scen664,0
scen671,0
scen825,0
scen462,0
scen434,0
scen16,0
scen241,0
scen711,0
scen1449,0
scen1008,0
scen103,0
scen533,0
scen774,0
scen691,0
scen314,0
scen528,0
scen461,0
scen800,0
scen183,0
scen245,0
scen1441,0
scen1417,0
scen1032,0
scen1114,0
scen709,0
scen1221,0
scen495,0
scen1413,0
scen1066,0
scen768,0
scen1262,0
scen310,0
scen683,0
scen294,0
scen1456,0
scen483,0
scen1020,0
scen273,0
scen677,0
scen529,0
scen880,0
scen887,0
scen1085,0
scen1084,0
scen83,0
scen296,0
scen207,0
scen537,0
scen396,0
scen175,0
scen904,0
scen1099,0
scen886,0
scen693,0
scen239,0
scen496,0
scen327,0
scen783,0
scen81,0
scen794,0
scen885,0
scen501,0
scen401,0
scen316,0
scen630,0
scen208,0
scen614,0
scen1157,0
scen1341,0
scen368,0
scen447,0
scen1321,0
scen632,0
scen1153,0
scen218,0
scen262,0
scen749,0
scen99,0
scen1113,0
scen1481,0
scen1290,0
scen1436,0
scen1458,0
scen563,0
scen1437,0
scen1472,0
scen33,0
scen63,0
scen853,0
scen404,0
scen1171,0
scen301,0
scen722,0
scen7,0
scen846,0
scen257,0
scen1132,0
scen1041,0
scen181,0
scen1217,0
scen553,0
scen1291,0
scen578,0
scen439,0
scen189,0
scen1160,0
scen616,0
scen377,0
scen210,0
scen543,0
scen413,0
scen678,0
scen231,0
scen893,0
scen1038,0
scen822,0
scen1388,0
scen137,0
scen676,0
scen1395,0
scen26,0
scen1378,0
scen471,0
scen649,0
scen227,0
scen696,0
scen771,0
scen1235,0
scen1234,0
scen1489,0
scen522,0
scen758,0
scen1383,0
scen1176,0
scen225,0
scen1095,0
scen1,0
scen600,0
scen1367,0
scen433,0
scen704,0
scen182,0
scen849,0
scen1152,0
scen973,0
scen1478,0
scen158,0
scen995,0
scen280,0
scen1305,0
scen382,0
scen442,0
scen1024,0
scen1335,0
scen895,0
scen354,0
scen271,0
scen1243,0
scen263,0
scen342,0
scen1200,0
scen149,0
scen654,0
scen1077,0
scen1166,0
scen147,0
scen792,0
scen178,0
scen607,0
scen948,0
scen1473,0
scen639,0
scen833,0
scen1349,0
scen174,0
scen548,0
scen669,0
scen916,0
scen977,0
scen1371,0
scen134,0
scen851,0
scen1027,0
scen1240,0
scen1138,0
scen264,0
scen359,0
scen387,0
scen145,0
scen277,0
scen493,0
scen1491,0
scen61,0
scen1346,0
scen1021,0
scen58,0
scen229,0
scen1060,0
scen1227,0
scen1181,0
scen733,0
scen1419,0
scen998,0
scen1229,0
scen1159,0
scen168,0
scen1063,0
scen888,0
scen1012,0
scen118,0
scen1036,0
scen348,0
scen1102,0
scen278,0
scen1389,0
scen130,0
scen950,0
scen1438,0
scen559,0
scen172,0
scen500,0
scen1364,0
scen568,0
scen681,0
scen701,0
scen1317,0
scen731,0
scen1304,0
scen595,0
scen756,0
scen260,0
scen319,0
scen355,0
scen468,0
scen1251,0
scen837,0
scen929,0
scen303,0
scen1090,0
scen222,0
scen185,0
scen305,0
scen1035,0
scen1497,0
scen47,0
scen119,0
scen1140,0
scen71,0
scen1434,0
scen84,0
scen288,0
scen755,0
scen1499,0
scen922,0
scen697,0
scen1054,0
scen1076,0
scen867,0
scen213,0
scen1267,0
scen581,0
scen1329,0
scen100,0
scen76,0
scen1072,0
scen440,0
scen510,0
scen1218,0
scen27,0
scen633,0
scen13,0
scen1486,0
scen546,0
scen1410,0
scen763,0
scen599,0
scen1295,0
scen1363,0
scen392,0
scen985,0
scen1259,0
scen949,0
scen1462,0
scen1004,0
scen56,0
scen1308,0
scen748,0
scen1097,0
scen1151,0
scen109,0
scen954,0
scen400,0
scen1179,0
scen743,0
scen1351,0
scen512,0
scen636,0
scen55,0
scen962,0
scen1175,0
scen1275,0
scen960,0
scen1420,0
scen746,0
scen1500,0
scen1260,0
scen924,0
scen610,0
scen1003,0
scen1136,0
scen64,0
scen463,0
scen15,0
scen1058,0
scen1447,0
scen1091,0
scen1109,0
scen565,0
scen1326,0
scen551,0
scen1237,0
scen729,0
scen1225,0
scen329,0
scen87,0
scen541,0
scen290,0
scen974,0
scen1398,0
scen475,0
scen1330,0
scen759,0
scen598,0
scen1309,0
scen258,0
scen1404,0
scen591,0
scen1373,0
scen1279,0
scen637,0
scen492,0
scen1232,0
scen92,0
scen882,0
scen823,0
scen1205,0
scen378,0
scen1173,0
scen1144,0
scen196,0
scen593,0
scen845,0
scen209,0
scen1150,0
scen997,0
scen724,0
scen407,0
scen747,0
scen105,0
scen1386,0
scen545,0
scen1134,0
scen840,0
scen1194,0
scen513,0
scen65,0
scen1490,0
scen52,0
scen24,0
scen1444,0
scen133,0
scen285,0
scen49,0
scen1074,0
scen415,0
scen238,0
scen1046,0
scen1051,0
scen911,0
scen1147,0
scen478,0
scen322,0
scen356,0
scen312,0
scen1047,0
scen295,0
scen658,0
scen657,0
scen828,0
scen909,0
scen1306,0
scen1439,0
scen250,0
scen167,0
scen835,0
scen390,0
scen214,0
scen473,0
scen801,0
scen1348,0
scen547,0
scen1220,0
scen325,0
scen910,0
scen1202,0
scen154,0
scen256,0
scen1087,0
scen1425,0
scen1263,0
scen1014,0
scen308,0
scen1492,0
scen41,0
scen228,0
scen345,0
scen621,0
scen1377,0
scen338,0
scen988,0
scen775,0
scen1031,0
scen1010,0
scen815,0
scen694,0
scen67,0
scen1421,0
scen1001,0
scen1372,0
scen1498,0
scen186,0
scen436,0
scen1424,0
scen107,0
scen1053,0
scen1296,0
scen1033,0
scen906,0
scen369,0
scen925,0
scen77,0
scen283,0
scen1370,0
scen920,0
scen427,0
scen656,0
scen753,0
scen606,0
scen813,0
scen1465,0
scen1123,0
scen85,0
scen1461,0
scen879,0
scen261,0
scen195,0
scen363,0
scen112,0
scen912,0
scen165,0
scen161,0
scen521,0
scen146,0
scen381,0
scen428,0
scen292,0
scen1459,0
scen1385,0
scen531,0
scen666,0
scen1340,0
scen809,0
scen1274,0
scen917,0
scen311,0
scen645,0
scen122,0
scen1443,0
scen73,0
scen40,0
scen984,0
scen164,0
scen1409,0
scen318,0
scen18,0
scen1332,0
scen688,0
scen188,0
scen1272,0
scen1037,0
scen931,0
scen713,0
scen324,0
scen653,0
scen629,0
scen574,0
scen602,0
scen1310,0
scen1222,0
scen991,0
scen561,0
scen1273,0
scen765,0
scen293,0
scen451,0
scen779,0
scen1496,0
scen680,0
scen499,0
scen1005,0
scen157,0
scen121,0
scen698,0
scen983,0
scen703,0
scen419,0
scen194,0
scen1312,0
scen402,0
scen968,0
scen785,0
scen1387,0
scen708,0
scen220,0
scen1384,0
scen132,0
scen1480,0
scen432,0
scen811,0
scen816,0
scen1382,0
scen554,0
scen337,0
scen1236,0
scen408,0
scen1320,0
scen54,0
scen726,0
scen1337,0
scen1407,0
scen1313,0
scen1115,0
scen380,0
scen480,0
scen426,0
scen1215,0
scen705,0
scen806,0
scen1450,0
scen1022,0
scen1199,0
scen745,0
scen1484,0
scen989,0
scen530,0
scen1071,0
scen9,0
scen1125,0
scen490,0
scen571,0
scen689,0
scen320,0
scen1261,0
scen1094,0
scen1375,0
scen90,0
scen1139,0
scen1101,0
scen1195,0
scen847,0
scen790,0
scen253,0
scen1248,0
scen589,0
scen143,0
scen89,0
scen19,0
scen438,0
scen494,0
scen1177,0
scen267,0
scen981,0
scen894,0
scen872,0
scen594,0
scen421,0
scen1451,0
scen1088,0
scen524,0
scen659,0
scen1073,0
scen237,0
scen646,0
scen117,0
scen866,0
scen939,0
scen913,0
scen1467,0
scen1052,0
scen716,0
scen150,0
scen69,0
scen555,0
scen1311,0
scen282,0
scen1039,0
scen459,0
scen570,0
scen1359,0
scen927,0
scen874,0
scen569,0
scen971,0
scen926,0
scen1105,0
scen1146,0
scen1182,0
scen933,0
scen160,0
scen326,0
scen1360,0
scen730,0
scen604,0
scen86,0
scen943,0
scen1092,0
scen967,0
scen538,0
scen211,0
scen1117,0
scen892,0
scen1342,0
scen32,0
scen966,0
scen156,0
scen1030,0
scen291,0
scen153,0
scen1487,0
scen25,0
scen393,0
scen947,0
scen799,0
scen1192,0
scen70,0
scen586,0
scen201,0
scen710,0
scen1488,0
scen152,0
scen1186,0
scen650,0
scen706,0
scen769,0
scen1323,0
scen644,0
scen219,0
scen868,0
scen655,0
scen1124,0
scen1381,0
scen1258,0
scen1297,0
scen1070,0
scen557,0
scen361,0
scen358,0
scen1422,0
scen1365,0
scen446,0
scen466,0
scen618,0
scen1167,0
scen856,0
scen612,0
scen1448,0
scen667,0
scen739,0
scen1174,0
scen429,0
scen68,0
scen1366,0
scen491,0
scen1015,0
scen1207,0
scen1023,0
scen259,0
scen647,0
scen1429,0
scen255,0
scen1328,0
scen577,0
scen1440,0
scen914,0
scen1453,0
scen131,0
scen1096,0
scen812,0
scen2,0
scen1278,0
scen74,0
scen1075,0
scen930,0
scen4,0
scen485,0
scen1315,0
scen365,0
scen757,0
scen106,0
scen458,0
scen534,0
scen448,0
scen1402,0
scen372,0
scen1289,0
scen1271,0
scen452,0
scen1390,0
scen852,0
scen1013,0
scen352,0
scen140,0
scen791,0
scen344,0
scen254,0
scen1000,0
scen321,0
scen714,0
scen679,0
scen1333,0
scen952,0
scen523,0
scen741,0
scen1446,0
scen987,0
scen634,0
scen1061,0
scen1466,0
scen863,0
scen1327,0
scen120,0
scen884,0
scen590,0
scen206,0
scen536,0
scen1141,0
scen79,0
scen1314,0
scen470,0
scen379,0
scen1318,0
scen986,0
scen376,0
scen399,0
scen919,0
scen1224,0
scen982,0
scen836,0
scen990,0
scen412,0
scen520,0
scen905,0
scen935,0
scen1423,0
scen750,0
scen951,0
scen582,0
scen1380,0
scen1043,0
scen1281,0
scen35,0
scen623,0
scen1257,0
scen903,0
scen1118,0
scen1287,0
scen1169,0
scen603,0
scen1356,0
scen848,0
scen1316,0
scen124,0
scen1196,0
scen776,0
scen97,0
scen525,0
scen298,0
scen472,0
scen1396,0
scen1354,0
scen1376,0
scen184,0
scen778,0
scen1479,0
scen668,0
scen1358,0
scen940,0
scen789,0
scen527,0
scen98,0
scen1016,0
scen373,0
scen6,0
scen163,0
scen738,0
scen661,0
scen3,0
scen544,0
scen934,0
scen1233,0
scen1184,0
scen281,0
scen938,0
scen279,0
scen307,0
scen1086,0
scen770,0
scen477,0
scen1231,0
scen445,0
scen870,0
scen944,0
scen1007,0
scen720,0
scen980,0
scen1062,0
scen1362,0
scen719,0
scen1483,0
scen162,0
scen1137,0
scen1048,0
scen8,0
scen767,0
scen1406,0
scen881,0
scen596,0
scen395,0
scen1026,0
scen1266,0
scen1277,0
scen101,0
scen366,0
scen819,0
scen1299,0
scen552,0
scen187,0
scen675,0
scen300,0
scen1452,0
scen1198,0
scen339,0
scen409,0
scen830,0
scen53,0
scen497,0
scen126,0
scen1028,0
scen1241,0
scen742,0
scen1228,0
scen957,0
scen1415,0
scen682,0
scen850,0
scen787,0
scen1189,0
scen1197,0
scen1180,0
scen772,0
scen125,0
scen721,0
scen1239,0
scen761,0
scen855,0
scen1018,0
scen62,0
scen805,0
scen1345,0
scen1155,0
scen843,0
scen374,0
scen360,0
scen1432,0
scen34,0
scen388,0
scen970,0
scen1445,0
scen1405,0
scen1361,0
scen613,0
scen217,0
scen1178,0
scen751,0
scen575,0
scen992,0
scen1161,0
scen75,0
scen287,0
scen17,0
scen248,0
scen869,0
